Date,Product,Revenue
2023-01-01,Headphones,73.09
2023-01-01,Headphones,79.99
2023-01-01,Mouse,27.17
2023-01-01,Monitor,308.71
2023-01-01,Laptop,969.1
2023-01-01,Monitor,292.72
2023-01-01,Keyboard,48.74
2023-01-01,Keyboard,53.35
2023-01-01,Mouse,25.89
2023-01-01,Keyboard,45.14
2023-01-01,Keyboard,51.42
2023-01-01,Monitor,294.39
2023-01-01,Monitor,273.61
2023-01-01,Mouse,26.13
2023-01-02,Laptop,946.98
2023-01-02,Laptop,987.84
2023-01-02,Monitor,294.21
2023-01-02,Keyboard,54.47
2023-01-02,Keyboard,50.92
2023-01-02,Laptop,991.6
2023-01-02,Headphones,85.56
2023-01-02,Keyboard,47.39
2023-01-02,Headphones,84.12
2023-01-02,Headphones,72.79
2023-01-02,Laptop,1058.68
2023-01-02,Laptop,1055.46
2023-01-02,Keyboard,49.72
2023-01-02,Laptop,1030.4
2023-01-03,Keyboard,47.64
2023-01-03,Mouse,27.16
2023-01-03,Laptop,903.04
2023-01-03,Laptop,1002.38
2023-01-03,Keyboard,52.28
2023-01-03,Mouse,27.09
2023-01-03,Mouse,26.76
2023-01-03,Headphones,87.1
2023-01-03,Monitor,303.64
2023-01-03,Keyboard,45.49
2023-01-03,Monitor,273.29
2023-01-03,Mouse,23.25
2023-01-03,Mouse,23.24
2023-01-03,Headphones,80.93
2023-01-04,Headphones,79.41
2023-01-04,Keyboard,48.72
2023-01-04,Monitor,291.21
2023-01-04,Laptop,1038.06
2023-01-05,Headphones,80.7
2023-01-05,Headphones,85.26
2023-01-05,Headphones,85.28
2023-01-05,Monitor,317.73
2023-01-05,Laptop,1044.92
2023-01-05,Mouse,24.89
2023-01-05,Mouse,22.53
2023-01-06,Mouse,24.56
2023-01-06,Keyboard,53.93
2023-01-06,Keyboard,54.92
2023-01-06,Keyboard,51.31
2023-01-06,Laptop,1048.73
2023-01-06,Mouse,24.25
2023-01-06,Keyboard,47.24
2023-01-06,Mouse,24.19
2023-01-06,Keyboard,51.97
2023-01-06,Monitor,295.23
2023-01-07,Mouse,26.7
2023-01-07,Headphones,80.95
2023-01-07,Mouse,24.12
2023-01-07,Monitor,313.91
2023-01-07,Keyboard,45.1
2023-01-07,Monitor,317.51
2023-01-07,Headphones,73.35
2023-01-07,Mouse,26.8
2023-01-07,Monitor,290.28
2023-01-07,Monitor,328.37
2023-01-07,Keyboard,54.11
2023-01-07,Laptop,1030.62
2023-01-07,Mouse,22.71
2023-01-08,Keyboard,53.73
2023-01-08,Mouse,23.15
2023-01-08,Headphones,78.05
2023-01-08,Laptop,977.75
2023-01-08,Keyboard,47.17
2023-01-08,Headphones,76.19
2023-01-08,Monitor,303.03
2023-01-08,Mouse,22.75
2023-01-08,Headphones,77.74
2023-01-08,Headphones,77.78
2023-01-08,Keyboard,51.33
2023-01-08,Headphones,85.18
2023-01-08,Mouse,24.66
2023-01-08,Laptop,1089.54
2023-01-09,Laptop,905.82
2023-01-09,Keyboard,52.38
2023-01-10,Headphones,83.05
2023-01-11,Headphones,83.9
2023-01-11,Laptop,1020.81
2023-01-11,Mouse,26.42
2023-01-11,Headphones,87.49
2023-01-12,Headphones,84.37
2023-01-12,Monitor,270.9
2023-01-12,Headphones,82.14
2023-01-12,Keyboard,48.97
2023-01-12,Laptop,967.44
2023-01-12,Monitor,328.82
2023-01-12,Headphones,85.96
2023-01-12,Keyboard,53.9
2023-01-12,Keyboard,54.49
2023-01-12,Keyboard,46.97
2023-01-12,Monitor,275.48
2023-01-12,Monitor,325.31
2023-01-13,Laptop,902.41
2023-01-13,Mouse,26.32
2023-01-13,Mouse,24.38
2023-01-13,Mouse,27.38
2023-01-13,Mouse,26.75
2023-01-13,Headphones,81.78
2023-01-13,Keyboard,51.37
2023-01-13,Keyboard,48.4
2023-01-14,Monitor,289.58
2023-01-14,Laptop,1056.17
2023-01-14,Laptop,963.51
2023-01-14,Mouse,23.22
2023-01-14,Mouse,25.92
2023-01-14,Laptop,1028.79
2023-01-14,Mouse,22.85
2023-01-14,Mouse,25.96
2023-01-15,Mouse,27.49
2023-01-15,Keyboard,51.86
2023-01-15,Mouse,24.92
2023-01-15,Keyboard,53.47
2023-01-15,Keyboard,47.03
2023-01-15,Laptop,1073.65
2023-01-15,Monitor,317.06
2023-01-15,Headphones,72.95
2023-01-15,Keyboard,53.21
2023-01-15,Laptop,908.03
2023-01-15,Monitor,315.61
2023-01-15,Laptop,945.0
2023-01-15,Laptop,1014.82
2023-01-15,Keyboard,47.19
2023-01-16,Monitor,310.12
2023-01-16,Monitor,327.61
2023-01-16,Headphones,79.61
2023-01-16,Headphones,79.39
2023-01-16,Laptop,914.09
2023-01-16,Headphones,79.75
2023-01-16,Headphones,77.98
2023-01-16,Mouse,24.83
2023-01-16,Laptop,1026.19
2023-01-16,Monitor,320.3
2023-01-16,Monitor,306.37
2023-01-16,Laptop,995.06
2023-01-16,Keyboard,51.44
2023-01-16,Laptop,968.2
2023-01-16,Headphones,84.82
2023-01-17,Laptop,968.26
2023-01-17,Keyboard,53.06
2023-01-17,Mouse,26.08
2023-01-17,Headphones,84.22
2023-01-18,Keyboard,52.53
2023-01-18,Monitor,275.87
2023-01-19,Keyboard,47.88
2023-01-20,Mouse,22.56
2023-01-20,Laptop,986.08
2023-01-20,Keyboard,45.14
2023-01-20,Keyboard,52.27
2023-01-20,Mouse,26.55
2023-01-20,Mouse,23.96
2023-01-20,Headphones,72.92
2023-01-21,Keyboard,49.97
2023-01-21,Mouse,23.95
2023-01-21,Laptop,943.17
2023-01-21,Keyboard,54.51
2023-01-21,Monitor,274.09
2023-01-21,Laptop,1091.38
2023-01-22,Headphones,86.96
2023-01-22,Monitor,289.02
2023-01-22,Monitor,293.17
2023-01-22,Laptop,1036.28
2023-01-22,Keyboard,48.36
2023-01-22,Mouse,23.01
2023-01-23,Mouse,25.44
2023-01-23,Keyboard,46.82
2023-01-23,Mouse,26.49
2023-01-23,Keyboard,47.4
2023-01-23,Laptop,911.69
2023-01-23,Laptop,909.27
2023-01-23,Laptop,950.22
2023-01-23,Laptop,958.86
2023-01-24,Monitor,294.22
2023-01-24,Laptop,1089.81
2023-01-24,Headphones,86.42
2023-01-24,Monitor,294.29
2023-01-24,Keyboard,52.63
2023-01-24,Keyboard,46.81
2023-01-24,Laptop,1053.05
2023-01-24,Mouse,26.93
2023-01-25,Mouse,26.89
2023-01-25,Mouse,24.85
2023-01-25,Keyboard,47.42
2023-01-25,Monitor,283.86
2023-01-25,Laptop,998.5
2023-01-25,Laptop,1058.21
2023-01-25,Headphones,87.01
2023-01-25,Laptop,956.31
2023-01-25,Mouse,23.0
2023-01-25,Monitor,312.96
2023-01-25,Keyboard,45.71
2023-01-25,Monitor,301.44
2023-01-26,Monitor,315.03
2023-01-27,Headphones,82.7
2023-01-27,Headphones,75.49
2023-01-27,Headphones,86.25
2023-01-27,Keyboard,47.59
2023-01-28,Headphones,73.32
2023-01-29,Headphones,84.53
2023-01-29,Monitor,299.2
2023-01-29,Laptop,988.31
2023-01-29,Keyboard,47.99
2023-01-29,Laptop,1035.01
2023-01-29,Keyboard,51.41
2023-01-29,Keyboard,52.89
2023-01-29,Mouse,26.6
2023-01-30,Monitor,310.06
2023-01-30,Mouse,27.37
2023-01-30,Laptop,1092.91
2023-01-30,Monitor,281.91
2023-01-30,Laptop,1025.25
2023-01-30,Laptop,1055.91
2023-01-30,Monitor,291.05
2023-01-30,Laptop,980.83
2023-01-30,Laptop,1022.46
2023-01-30,Headphones,87.81
2023-01-31,Headphones,85.79
2023-01-31,Headphones,78.75
2023-01-31,Laptop,965.46
2023-01-31,Monitor,302.81
2023-01-31,Laptop,1083.95
2023-01-31,Monitor,288.05
2023-01-31,Laptop,1069.51
2023-01-31,Laptop,1062.83
2023-01-31,Laptop,1002.65
2023-01-31,Monitor,297.43
2023-01-31,Headphones,77.42
2023-01-31,Monitor,292.72
2023-01-31,Keyboard,46.26
2023-01-31,Mouse,24.03
2023-02-01,Laptop,988.93
2023-02-01,Laptop,995.35
2023-02-01,Monitor,311.58
2023-02-01,Keyboard,46.14
2023-02-01,Keyboard,52.86
2023-02-01,Mouse,23.01
2023-02-01,Monitor,317.53
2023-02-02,Mouse,24.78
2023-02-02,Mouse,24.44
2023-02-02,Keyboard,47.53
2023-02-02,Monitor,283.08
2023-02-02,Headphones,74.96
2023-02-02,Headphones,85.94
2023-02-02,Laptop,949.15
2023-02-02,Monitor,306.69
2023-02-02,Monitor,314.31
2023-02-02,Laptop,937.22
2023-02-02,Monitor,298.24
2023-02-02,Mouse,25.21
2023-02-02,Laptop,992.43
2023-02-03,Headphones,83.74
2023-02-03,Keyboard,51.28
2023-02-03,Mouse,23.11
2023-02-03,Mouse,25.28
2023-02-03,Laptop,1084.11
2023-02-04,Laptop,960.8
2023-02-04,Keyboard,52.44
2023-02-04,Keyboard,46.73
2023-02-04,Keyboard,52.84
2023-02-04,Mouse,24.87
2023-02-04,Headphones,81.85
2023-02-04,Mouse,23.73
2023-02-04,Mouse,26.72
2023-02-04,Keyboard,48.93
2023-02-04,Mouse,23.25
2023-02-04,Mouse,26.49
2023-02-05,Keyboard,51.98
2023-02-05,Headphones,81.48
2023-02-05,Headphones,84.34
2023-02-05,Keyboard,52.32
2023-02-05,Monitor,274.64
2023-02-05,Laptop,1079.62
2023-02-05,Mouse,24.25
2023-02-06,Mouse,23.78
2023-02-06,Headphones,73.6
2023-02-06,Monitor,316.56
2023-02-06,Monitor,329.11
2023-02-06,Mouse,22.7
2023-02-06,Keyboard,51.29
2023-02-06,Mouse,26.21
2023-02-06,Headphones,87.12
2023-02-07,Mouse,22.55
2023-02-07,Laptop,980.85
2023-02-07,Headphones,82.36
2023-02-07,Keyboard,47.54
2023-02-07,Mouse,25.88
2023-02-08,Headphones,83.16
2023-02-08,Headphones,85.65
2023-02-08,Mouse,27.36
2023-02-08,Keyboard,52.94
2023-02-09,Keyboard,50.36
2023-02-09,Keyboard,50.43
2023-02-09,Monitor,312.75
2023-02-09,Monitor,273.69
2023-02-09,Keyboard,47.65
2023-02-09,Keyboard,47.4
2023-02-09,Mouse,22.59
2023-02-09,Mouse,26.45
2023-02-09,Mouse,26.06
2023-02-09,Laptop,969.66
2023-02-09,Headphones,87.26
2023-02-09,Monitor,312.1
2023-02-09,Headphones,85.87
2023-02-09,Headphones,81.61
2023-02-10,Headphones,80.5
2023-02-10,Mouse,27.44
2023-02-10,Monitor,290.41
2023-02-10,Headphones,75.69
2023-02-10,Keyboard,50.03
2023-02-10,Mouse,22.86
2023-02-10,Mouse,22.52
2023-02-10,Mouse,25.17
2023-02-11,Keyboard,45.41
2023-02-11,Headphones,83.98
2023-02-11,Monitor,311.88
2023-02-11,Laptop,1074.63
2023-02-11,Headphones,74.4
2023-02-11,Keyboard,52.62
2023-02-11,Laptop,1000.86
2023-02-11,Mouse,25.22
2023-02-11,Laptop,917.34
2023-02-11,Keyboard,48.02
2023-02-11,Headphones,74.3
2023-02-11,Monitor,300.4
2023-02-12,Mouse,24.75
2023-02-12,Keyboard,49.69
2023-02-12,Mouse,26.01
2023-02-12,Laptop,1087.78
2023-02-12,Mouse,23.46
2023-02-12,Mouse,26.58
2023-02-12,Mouse,23.57
2023-02-12,Mouse,23.69
2023-02-12,Keyboard,48.24
2023-02-12,Laptop,1087.73
2023-02-13,Mouse,24.29
2023-02-13,Monitor,281.12
2023-02-13,Keyboard,49.67
2023-02-13,Monitor,301.15
2023-02-13,Monitor,328.27
2023-02-13,Keyboard,48.43
2023-02-13,Headphones,72.03
2023-02-13,Monitor,305.64
2023-02-13,Headphones,77.54
2023-02-13,Headphones,79.36
2023-02-13,Laptop,957.04
2023-02-13,Laptop,929.96
2023-02-14,Mouse,22.97
2023-02-14,Mouse,25.19
2023-02-14,Headphones,83.72
2023-02-14,Mouse,24.04
2023-02-14,Mouse,24.13
2023-02-14,Mouse,24.2
2023-02-14,Laptop,1099.31
2023-02-14,Monitor,280.36
2023-02-14,Keyboard,46.47
2023-02-14,Laptop,915.88
2023-02-15,Monitor,312.22
2023-02-16,Laptop,1055.51
2023-02-16,Headphones,76.84
2023-02-16,Headphones,81.28
2023-02-16,Laptop,915.39
2023-02-16,Monitor,275.84
2023-02-16,Monitor,315.9
2023-02-16,Mouse,23.64
2023-02-16,Monitor,278.62
2023-02-17,Headphones,82.5
2023-02-18,Laptop,945.07
2023-02-18,Laptop,917.11
2023-02-18,Monitor,310.26
2023-02-18,Keyboard,53.71
2023-02-18,Keyboard,45.07
2023-02-18,Mouse,24.33
2023-02-18,Laptop,1011.14
2023-02-19,Monitor,313.39
2023-02-19,Laptop,920.08
2023-02-19,Mouse,26.62
2023-02-19,Headphones,74.78
2023-02-19,Headphones,87.48
2023-02-19,Mouse,26.26
2023-02-19,Monitor,316.62
2023-02-19,Laptop,902.31
2023-02-19,Mouse,24.53
2023-02-19,Keyboard,48.7
2023-02-19,Monitor,324.95
2023-02-19,Mouse,25.82
2023-02-20,Mouse,26.54
2023-02-21,Keyboard,45.98
2023-02-21,Laptop,1048.62
2023-02-21,Laptop,939.85
2023-02-21,Headphones,85.75
2023-02-21,Keyboard,54.86
2023-02-21,Mouse,26.52
2023-02-21,Mouse,24.33
2023-02-21,Mouse,25.35
2023-02-21,Keyboard,46.73
2023-02-21,Mouse,26.32
2023-02-21,Laptop,999.64
2023-02-22,Keyboard,52.94
2023-02-22,Mouse,27.13
2023-02-22,Mouse,23.68
2023-02-22,Mouse,26.73
2023-02-22,Laptop,969.29
2023-02-22,Mouse,23.53
2023-02-22,Headphones,81.46
2023-02-22,Laptop,1073.23
2023-02-23,Laptop,962.23
2023-02-23,Monitor,291.12
2023-02-23,Mouse,26.96
2023-02-23,Keyboard,52.16
2023-02-24,Monitor,318.24
2023-02-24,Laptop,909.48
2023-02-24,Laptop,1025.69
2023-02-24,Headphones,77.53
2023-02-25,Laptop,1010.25
2023-02-25,Monitor,304.94
2023-02-25,Headphones,83.44
2023-02-25,Headphones,86.77
2023-02-25,Laptop,1038.26
2023-02-26,Headphones,78.94
2023-02-26,Mouse,23.07
2023-02-26,Laptop,1055.02
2023-02-27,Laptop,1091.77
2023-02-27,Laptop,982.7
2023-02-27,Headphones,81.23
2023-02-27,Mouse,23.0
2023-02-27,Keyboard,53.79
2023-02-27,Headphones,81.87
2023-02-28,Headphones,72.71
2023-03-01,Keyboard,48.08
2023-03-01,Monitor,294.45
2023-03-01,Keyboard,50.72
2023-03-01,Headphones,81.94
2023-03-01,Keyboard,51.79
2023-03-02,Laptop,1073.75
2023-03-02,Monitor,273.7
2023-03-02,Keyboard,47.18
2023-03-02,Laptop,986.3
2023-03-02,Keyboard,51.44
2023-03-03,Headphones,72.7
2023-03-03,Mouse,23.69
2023-03-03,Headphones,82.53
2023-03-04,Laptop,900.15
2023-03-04,Mouse,22.52
2023-03-04,Laptop,963.12
2023-03-04,Monitor,275.48
2023-03-04,Headphones,79.97
2023-03-04,Monitor,299.7
2023-03-04,Monitor,308.17
2023-03-04,Monitor,316.11
2023-03-04,Laptop,1030.31
2023-03-04,Headphones,87.43
2023-03-04,Headphones,76.96
2023-03-04,Mouse,26.85
2023-03-04,Mouse,27.07
2023-03-04,Headphones,77.52
2023-03-04,Monitor,294.54
2023-03-05,Laptop,971.91
2023-03-05,Headphones,78.09
2023-03-06,Mouse,27.16
2023-03-06,Keyboard,52.48
2023-03-06,Laptop,1019.22
2023-03-06,Headphones,73.0
2023-03-06,Keyboard,49.83
2023-03-06,Mouse,25.98
2023-03-06,Mouse,24.92
2023-03-06,Monitor,276.0
2023-03-06,Headphones,85.05
2023-03-06,Laptop,941.55
2023-03-06,Headphones,79.44
2023-03-06,Monitor,276.12
2023-03-07,Monitor,321.05
2023-03-07,Monitor,280.55
2023-03-07,Mouse,23.99
2023-03-08,Mouse,23.25
2023-03-08,Laptop,943.33
2023-03-08,Headphones,77.9
2023-03-08,Monitor,279.16
2023-03-09,Laptop,906.25
2023-03-09,Keyboard,54.69
2023-03-09,Laptop,1012.28
2023-03-09,Mouse,23.67
2023-03-09,Mouse,27.18
2023-03-09,Mouse,22.53
2023-03-10,Monitor,324.23
2023-03-10,Laptop,1072.83
2023-03-10,Mouse,25.82
2023-03-10,Headphones,83.45
2023-03-10,Headphones,82.89
2023-03-10,Laptop,1092.13
2023-03-10,Laptop,1073.62
2023-03-10,Headphones,78.23
2023-03-10,Monitor,297.59
2023-03-10,Laptop,922.55
2023-03-10,Laptop,931.42
2023-03-10,Keyboard,52.31
2023-03-10,Keyboard,49.85
2023-03-10,Laptop,1080.79
2023-03-10,Headphones,74.57
2023-03-11,Monitor,312.12
2023-03-11,Monitor,293.85
2023-03-11,Keyboard,53.98
2023-03-11,Laptop,920.16
2023-03-11,Headphones,87.22
2023-03-11,Laptop,1099.49
2023-03-11,Monitor,309.2
2023-03-11,Mouse,26.03
2023-03-11,Mouse,25.83
2023-03-11,Laptop,1091.97
2023-03-12,Headphones,76.3
2023-03-12,Mouse,23.31
2023-03-12,Mouse,25.14
2023-03-12,Keyboard,52.78
2023-03-12,Monitor,292.45
2023-03-12,Monitor,296.53
2023-03-12,Keyboard,45.47
2023-03-12,Mouse,22.63
2023-03-13,Headphones,80.83
2023-03-13,Headphones,77.45
2023-03-13,Mouse,24.92
2023-03-13,Keyboard,54.68
2023-03-13,Monitor,311.37
2023-03-13,Monitor,276.7
2023-03-13,Keyboard,50.22
2023-03-13,Laptop,997.23
2023-03-14,Headphones,83.19
2023-03-14,Keyboard,47.39
2023-03-14,Monitor,295.51
2023-03-14,Headphones,86.77
2023-03-14,Keyboard,54.63
2023-03-14,Headphones,82.97
2023-03-14,Mouse,23.25
2023-03-14,Headphones,86.51
2023-03-14,Mouse,25.48
2023-03-15,Headphones,77.73
2023-03-15,Keyboard,50.96
2023-03-15,Headphones,73.37
2023-03-15,Monitor,321.22
2023-03-15,Headphones,85.35
2023-03-15,Mouse,24.8
2023-03-15,Keyboard,45.13
2023-03-15,Laptop,1080.75
2023-03-15,Monitor,289.33
2023-03-16,Keyboard,46.86
2023-03-16,Keyboard,54.13
2023-03-16,Mouse,26.44
2023-03-16,Mouse,24.67
2023-03-16,Headphones,73.16
2023-03-16,Mouse,24.99
2023-03-16,Monitor,313.59
2023-03-16,Keyboard,52.58
2023-03-16,Mouse,24.47
2023-03-16,Mouse,23.01
2023-03-16,Monitor,281.7
2023-03-16,Keyboard,46.95
2023-03-16,Keyboard,52.46
2023-03-17,Monitor,287.09
2023-03-17,Mouse,24.24
2023-03-17,Monitor,304.59
2023-03-17,Headphones,86.16
2023-03-17,Keyboard,47.16
2023-03-17,Mouse,26.91
2023-03-17,Mouse,23.04
2023-03-17,Monitor,275.53
2023-03-17,Keyboard,45.74
2023-03-17,Laptop,999.56
2023-03-17,Keyboard,49.54
2023-03-17,Keyboard,45.65
2023-03-18,Monitor,325.02
2023-03-18,Laptop,1083.59
2023-03-18,Monitor,273.82
2023-03-18,Laptop,919.0
2023-03-18,Headphones,84.64
2023-03-18,Keyboard,49.53
2023-03-18,Laptop,976.92
2023-03-18,Headphones,76.29
2023-03-18,Monitor,297.06
2023-03-18,Monitor,300.27
2023-03-18,Laptop,998.03
2023-03-18,Mouse,24.2
2023-03-18,Laptop,1086.49
2023-03-18,Mouse,25.9
2023-03-18,Mouse,26.97
2023-03-19,Laptop,953.04
2023-03-19,Monitor,299.36
2023-03-19,Headphones,80.5
2023-03-19,Laptop,1034.96
2023-03-19,Laptop,1093.91
2023-03-19,Laptop,1052.66
2023-03-20,Monitor,306.83
2023-03-20,Mouse,23.58
2023-03-20,Monitor,322.9
2023-03-20,Headphones,76.86
2023-03-21,Monitor,312.51
2023-03-21,Keyboard,53.05
2023-03-22,Laptop,1062.27
2023-03-22,Mouse,24.88
2023-03-22,Headphones,78.54
2023-03-22,Headphones,83.46
2023-03-22,Mouse,24.06
2023-03-22,Laptop,959.34
2023-03-22,Laptop,1055.51
2023-03-23,Mouse,26.83
2023-03-23,Headphones,73.01
2023-03-23,Laptop,937.7
2023-03-23,Mouse,23.24
2023-03-23,Monitor,272.72
2023-03-23,Headphones,87.46
2023-03-23,Laptop,1049.83
2023-03-23,Headphones,81.03
2023-03-23,Mouse,26.64
2023-03-24,Keyboard,47.72
2023-03-24,Mouse,22.93
2023-03-24,Monitor,271.21
2023-03-24,Keyboard,49.32
2023-03-24,Headphones,84.5
2023-03-24,Monitor,309.86
2023-03-24,Laptop,925.69
2023-03-24,Laptop,930.61
2023-03-24,Mouse,22.94
2023-03-24,Laptop,1068.86
2023-03-24,Headphones,85.12
2023-03-25,Headphones,82.42
2023-03-25,Keyboard,47.47
2023-03-25,Monitor,277.44
2023-03-25,Laptop,902.76
2023-03-25,Monitor,274.03
2023-03-25,Headphones,76.6
2023-03-25,Laptop,1077.5
2023-03-25,Monitor,321.57
2023-03-25,Headphones,79.81
2023-03-25,Monitor,314.67
2023-03-25,Monitor,279.38
2023-03-25,Monitor,308.39
2023-03-25,Laptop,908.96
2023-03-25,Keyboard,45.33
2023-03-26,Laptop,1067.62
2023-03-26,Keyboard,54.4
2023-03-26,Mouse,22.59
2023-03-26,Laptop,943.39
2023-03-26,Mouse,23.69
2023-03-26,Monitor,301.44
2023-03-26,Monitor,299.24
2023-03-26,Headphones,72.06
2023-03-26,Monitor,323.35
2023-03-27,Keyboard,49.85
2023-03-27,Monitor,303.83
2023-03-27,Laptop,928.15
2023-03-27,Monitor,279.15
2023-03-27,Headphones,75.53
2023-03-27,Laptop,1073.42
2023-03-27,Mouse,24.7
2023-03-27,Monitor,287.54
2023-03-27,Mouse,25.7
2023-03-27,Monitor,321.7
2023-03-27,Monitor,286.81
2023-03-27,Monitor,323.96
2023-03-28,Headphones,83.44
2023-03-28,Headphones,72.13
2023-03-28,Headphones,87.03
2023-03-28,Headphones,84.75
2023-03-29,Mouse,22.85
2023-03-29,Laptop,956.76
2023-03-29,Monitor,285.43
2023-03-29,Monitor,326.62
2023-03-29,Keyboard,47.7
2023-03-29,Headphones,86.56
2023-03-29,Keyboard,48.25
2023-03-29,Mouse,26.29
2023-03-29,Laptop,946.39
2023-03-29,Headphones,72.17
2023-03-29,Headphones,76.41
2023-03-30,Mouse,24.14
2023-03-30,Mouse,24.79
2023-03-30,Mouse,24.69
2023-03-30,Headphones,74.91
2023-03-30,Mouse,24.36
2023-03-30,Mouse,26.24
2023-03-30,Laptop,1018.26
2023-03-30,Laptop,956.37
2023-03-30,Monitor,325.74
2023-03-30,Headphones,83.41
2023-03-30,Headphones,87.67
2023-03-30,Mouse,26.59
2023-03-30,Mouse,24.28
2023-03-30,Mouse,23.37
2023-03-30,Laptop,999.28
2023-03-31,Mouse,26.55
2023-03-31,Headphones,73.94
2023-03-31,Monitor,313.42
2023-03-31,Keyboard,46.02
2023-03-31,Laptop,1068.09
2023-03-31,Headphones,83.43
2023-04-01,Laptop,917.39
2023-04-01,Headphones,85.66
2023-04-01,Laptop,1069.06
2023-04-01,Headphones,75.51
2023-04-01,Headphones,87.86
2023-04-01,Monitor,290.51
2023-04-01,Headphones,87.39
2023-04-02,Headphones,73.58
2023-04-02,Mouse,25.68
2023-04-03,Keyboard,54.9
2023-04-03,Laptop,1033.92
2023-04-03,Monitor,286.62
2023-04-03,Laptop,1074.55
2023-04-03,Keyboard,50.91
2023-04-03,Headphones,79.58
2023-04-03,Mouse,24.44
2023-04-04,Headphones,78.46
2023-04-04,Monitor,303.0
2023-04-04,Mouse,23.57
2023-04-04,Keyboard,51.2
2023-04-05,Mouse,23.27
2023-04-06,Mouse,25.07
2023-04-06,Monitor,274.85
2023-04-06,Mouse,25.48
2023-04-06,Monitor,295.64
2023-04-06,Headphones,79.12
2023-04-06,Mouse,25.04
2023-04-06,Laptop,933.94
2023-04-06,Monitor,298.32
2023-04-06,Keyboard,47.86
2023-04-07,Keyboard,47.86
2023-04-07,Headphones,81.79
2023-04-07,Mouse,23.09
2023-04-07,Monitor,319.78
2023-04-07,Headphones,79.91
2023-04-07,Mouse,27.34
2023-04-08,Mouse,25.0
2023-04-08,Mouse,26.04
2023-04-08,Laptop,1058.05
2023-04-08,Headphones,84.77
2023-04-08,Laptop,983.89
2023-04-09,Headphones,72.92
2023-04-09,Laptop,922.08
2023-04-09,Keyboard,50.38
2023-04-09,Headphones,85.13
2023-04-09,Laptop,943.42
2023-04-09,Headphones,87.06
2023-04-09,Laptop,1016.75
2023-04-09,Headphones,85.7
2023-04-09,Headphones,73.54
2023-04-09,Keyboard,45.11
2023-04-09,Headphones,80.8
2023-04-09,Keyboard,54.74
2023-04-09,Laptop,1093.07
2023-04-09,Laptop,967.37
2023-04-09,Keyboard,53.22
2023-04-10,Keyboard,50.08
2023-04-10,Headphones,78.42
2023-04-10,Headphones,87.69
2023-04-10,Keyboard,46.74
2023-04-10,Keyboard,51.62
2023-04-10,Mouse,27.11
2023-04-10,Mouse,26.2
2023-04-10,Monitor,276.62
2023-04-10,Mouse,23.72
2023-04-10,Headphones,87.84
2023-04-10,Laptop,1047.2
2023-04-10,Keyboard,45.48
2023-04-10,Headphones,79.96
2023-04-10,Keyboard,46.25
2023-04-10,Headphones,79.6
2023-04-11,Mouse,25.22
2023-04-12,Monitor,310.8
2023-04-12,Mouse,26.73
2023-04-12,Keyboard,54.13
2023-04-12,Monitor,300.31
2023-04-12,Headphones,88.0
2023-04-12,Headphones,83.57
2023-04-12,Laptop,1019.84
2023-04-12,Monitor,274.23
2023-04-12,Laptop,1035.35
2023-04-12,Laptop,1032.21
2023-04-12,Mouse,24.38
2023-04-12,Laptop,952.45
2023-04-12,Headphones,87.26
2023-04-12,Laptop,952.02
2023-04-13,Headphones,79.69
2023-04-13,Mouse,27.03
2023-04-13,Keyboard,53.54
2023-04-13,Laptop,904.1
2023-04-13,Laptop,999.25
2023-04-13,Keyboard,51.31
2023-04-13,Headphones,76.41
2023-04-13,Headphones,81.53
2023-04-13,Laptop,1004.34
2023-04-13,Keyboard,47.66
2023-04-13,Monitor,289.72
2023-04-13,Headphones,80.99
2023-04-13,Mouse,23.24
2023-04-14,Keyboard,53.39
2023-04-14,Laptop,959.93
2023-04-14,Monitor,303.88
2023-04-14,Keyboard,48.05
2023-04-14,Monitor,322.81
2023-04-14,Keyboard,52.36
2023-04-14,Keyboard,47.71
2023-04-14,Keyboard,54.11
2023-04-15,Monitor,282.81
2023-04-15,Headphones,79.07
2023-04-15,Laptop,968.56
2023-04-16,Keyboard,53.31
2023-04-16,Monitor,281.5
2023-04-16,Keyboard,48.99
2023-04-16,Mouse,23.62
2023-04-16,Monitor,270.98
2023-04-16,Mouse,22.73
2023-04-16,Laptop,975.9
2023-04-16,Laptop,943.57
2023-04-16,Keyboard,51.58
2023-04-16,Headphones,86.57
2023-04-16,Keyboard,46.23
2023-04-16,Keyboard,54.91
2023-04-16,Headphones,85.48
2023-04-16,Keyboard,49.09
2023-04-16,Headphones,82.27
2023-04-17,Headphones,82.4
2023-04-17,Laptop,937.17
2023-04-17,Laptop,914.49
2023-04-17,Mouse,26.72
2023-04-17,Mouse,24.61
2023-04-17,Monitor,296.26
2023-04-17,Headphones,81.63
2023-04-17,Laptop,921.82
2023-04-17,Monitor,316.81
2023-04-17,Mouse,26.5
2023-04-18,Headphones,84.78
2023-04-18,Mouse,27.28
2023-04-18,Keyboard,46.29
2023-04-18,Monitor,308.3
2023-04-18,Mouse,22.6
2023-04-18,Keyboard,47.64
2023-04-18,Mouse,24.03
2023-04-18,Keyboard,49.59
2023-04-19,Mouse,23.1
2023-04-19,Laptop,938.35
2023-04-19,Headphones,75.72
2023-04-19,Headphones,78.59
2023-04-19,Keyboard,49.2
2023-04-19,Monitor,299.66
2023-04-19,Monitor,296.4
2023-04-19,Headphones,86.39
2023-04-19,Mouse,23.44
2023-04-19,Keyboard,46.99
2023-04-19,Monitor,305.2
2023-04-19,Monitor,285.1
2023-04-20,Mouse,23.47
2023-04-21,Monitor,294.38
2023-04-21,Keyboard,49.29
2023-04-21,Mouse,23.3
2023-04-21,Headphones,76.65
2023-04-22,Keyboard,53.58
2023-04-22,Monitor,290.24
2023-04-22,Mouse,25.51
2023-04-23,Laptop,1009.24
2023-04-23,Headphones,84.14
2023-04-23,Mouse,27.44
2023-04-23,Laptop,956.43
2023-04-24,Keyboard,46.15
2023-04-24,Monitor,291.42
2023-04-24,Laptop,941.23
2023-04-24,Mouse,27.41
2023-04-25,Monitor,283.81
2023-04-25,Monitor,301.92
2023-04-25,Headphones,75.19
2023-04-25,Mouse,24.73
2023-04-25,Mouse,24.35
2023-04-25,Keyboard,46.77
2023-04-25,Keyboard,46.89
2023-04-25,Laptop,1035.77
2023-04-25,Headphones,76.91
2023-04-25,Mouse,24.2
2023-04-25,Monitor,302.31
2023-04-25,Monitor,319.15
2023-04-25,Headphones,73.79
2023-04-25,Mouse,25.66
2023-04-25,Mouse,24.72
2023-04-26,Monitor,286.34
2023-04-26,Headphones,78.03
2023-04-26,Headphones,76.83
2023-04-26,Laptop,1099.15
2023-04-26,Keyboard,46.95
2023-04-26,Mouse,25.41
2023-04-26,Headphones,86.55
2023-04-26,Headphones,84.99
2023-04-26,Mouse,25.78
2023-04-26,Laptop,911.8
2023-04-27,Mouse,26.64
2023-04-27,Monitor,307.86
2023-04-27,Laptop,1038.1
2023-04-27,Headphones,73.53
2023-04-27,Headphones,83.94
2023-04-27,Laptop,1023.65
2023-04-27,Mouse,22.98
2023-04-27,Monitor,274.05
2023-04-27,Keyboard,45.93
2023-04-28,Monitor,291.61
2023-04-28,Keyboard,53.97
2023-04-28,Keyboard,46.67
2023-04-28,Mouse,26.34
2023-04-28,Keyboard,46.55
2023-04-28,Laptop,926.87
2023-04-28,Headphones,86.25
2023-04-28,Monitor,311.34
2023-04-28,Mouse,26.29
2023-04-28,Monitor,321.29
2023-04-28,Mouse,23.21
2023-04-28,Monitor,286.79
2023-04-28,Monitor,326.22
2023-04-28,Laptop,941.34
2023-04-29,Keyboard,48.88
2023-04-29,Monitor,273.57
2023-04-29,Laptop,1006.48
2023-04-29,Monitor,270.01
2023-04-29,Laptop,1032.23
2023-04-29,Headphones,77.45
2023-04-29,Headphones,79.76
2023-04-29,Headphones,72.81
2023-04-29,Headphones,86.63
2023-04-29,Laptop,1095.52
2023-04-29,Keyboard,49.7
2023-04-29,Keyboard,51.68
2023-04-29,Monitor,324.04
2023-04-29,Mouse,26.14
2023-04-29,Keyboard,52.24
2023-04-30,Keyboard,51.48
2023-04-30,Monitor,290.56
2023-04-30,Monitor,278.11
2023-04-30,Mouse,22.51
2023-04-30,Monitor,307.67
2023-04-30,Headphones,73.89
2023-04-30,Keyboard,46.64
2023-04-30,Mouse,23.27
2023-04-30,Laptop,1064.95
2023-04-30,Monitor,274.1
2023-04-30,Laptop,962.75
2023-04-30,Mouse,25.88
2023-04-30,Keyboard,51.66
2023-05-01,Laptop,962.97
2023-05-02,Monitor,311.4
2023-05-02,Keyboard,54.79
2023-05-02,Keyboard,45.51
2023-05-02,Headphones,83.27
2023-05-02,Monitor,270.49
2023-05-02,Headphones,86.39
2023-05-02,Monitor,280.89
2023-05-02,Keyboard,49.67
2023-05-02,Laptop,983.38
2023-05-03,Keyboard,54.7
2023-05-03,Keyboard,49.22
2023-05-03,Laptop,1099.64
2023-05-03,Headphones,80.06
2023-05-03,Monitor,285.04
2023-05-03,Keyboard,47.41
2023-05-03,Mouse,27.4
2023-05-03,Laptop,995.35
2023-05-03,Mouse,26.55
2023-05-03,Keyboard,48.59
2023-05-03,Monitor,307.92
2023-05-03,Keyboard,52.72
2023-05-04,Headphones,80.26
2023-05-04,Laptop,1094.76
2023-05-04,Laptop,1022.18
2023-05-04,Keyboard,52.53
2023-05-04,Monitor,270.73
2023-05-04,Mouse,25.21
2023-05-04,Headphones,72.1
2023-05-04,Keyboard,49.19
2023-05-04,Monitor,289.78
2023-05-04,Laptop,1045.84
2023-05-05,Headphones,72.51
2023-05-05,Laptop,952.63
2023-05-05,Laptop,1015.04
2023-05-05,Mouse,22.96
2023-05-05,Mouse,22.51
2023-05-05,Headphones,73.38
2023-05-05,Keyboard,53.47
2023-05-05,Headphones,84.59
2023-05-06,Headphones,75.55
2023-05-06,Headphones,75.07
2023-05-06,Keyboard,48.18
2023-05-06,Keyboard,47.67
2023-05-06,Headphones,79.49
2023-05-06,Headphones,82.06
2023-05-07,Laptop,1018.31
2023-05-07,Mouse,24.09
2023-05-07,Keyboard,53.18
2023-05-07,Keyboard,48.83
2023-05-07,Laptop,1032.12
2023-05-07,Laptop,916.4
2023-05-07,Monitor,298.64
2023-05-07,Headphones,73.14
2023-05-07,Headphones,72.32
2023-05-07,Monitor,316.23
2023-05-07,Mouse,26.21
2023-05-08,Headphones,83.97
2023-05-08,Headphones,87.81
2023-05-09,Monitor,290.88
2023-05-09,Keyboard,49.65
2023-05-09,Keyboard,45.43
2023-05-09,Monitor,324.69
2023-05-09,Headphones,80.37
2023-05-09,Mouse,26.92
2023-05-09,Keyboard,50.65
2023-05-09,Monitor,270.4
2023-05-09,Headphones,87.83
2023-05-09,Keyboard,48.35
2023-05-09,Monitor,308.84
2023-05-10,Monitor,274.11
2023-05-10,Laptop,905.02
2023-05-10,Mouse,24.48
2023-05-10,Monitor,302.41
2023-05-10,Headphones,78.49
2023-05-10,Laptop,1092.75
2023-05-10,Keyboard,53.07
2023-05-10,Monitor,279.23
2023-05-10,Laptop,919.89
2023-05-11,Laptop,977.63
2023-05-11,Laptop,906.89
2023-05-11,Keyboard,45.28
2023-05-12,Mouse,23.02
2023-05-13,Monitor,304.91
2023-05-13,Laptop,920.01
2023-05-13,Laptop,1010.52
2023-05-13,Headphones,84.34
2023-05-13,Laptop,1041.11
2023-05-14,Mouse,23.08
2023-05-14,Mouse,24.95
2023-05-14,Headphones,76.32
2023-05-15,Laptop,905.17
2023-05-15,Mouse,23.41
2023-05-15,Mouse,24.25
2023-05-15,Mouse,24.49
2023-05-15,Monitor,276.16
2023-05-15,Headphones,85.03
2023-05-15,Keyboard,54.4
2023-05-15,Keyboard,53.85
2023-05-15,Laptop,1079.26
2023-05-15,Headphones,87.1
2023-05-15,Keyboard,46.61
2023-05-15,Monitor,306.71
2023-05-15,Monitor,278.71
2023-05-15,Laptop,1000.46
2023-05-16,Laptop,1098.27
2023-05-16,Mouse,26.13
2023-05-16,Mouse,22.72
2023-05-16,Laptop,1096.58
2023-05-16,Laptop,961.82
2023-05-16,Monitor,326.59
2023-05-16,Monitor,286.04
2023-05-16,Monitor,291.62
2023-05-16,Keyboard,53.24
2023-05-17,Headphones,77.12
2023-05-17,Keyboard,47.05
2023-05-17,Mouse,26.71
2023-05-17,Keyboard,53.76
2023-05-17,Headphones,80.1
2023-05-17,Laptop,1034.05
2023-05-17,Mouse,25.04
2023-05-17,Monitor,287.21
2023-05-17,Monitor,288.42
2023-05-17,Monitor,274.66
2023-05-17,Headphones,72.83
2023-05-17,Keyboard,46.0
2023-05-18,Mouse,24.23
2023-05-18,Monitor,288.79
2023-05-18,Mouse,25.86
2023-05-18,Mouse,24.77
2023-05-18,Mouse,24.48
2023-05-18,Keyboard,50.51
2023-05-18,Laptop,904.48
2023-05-18,Laptop,1026.33
2023-05-18,Keyboard,45.63
2023-05-18,Mouse,24.53
2023-05-18,Monitor,311.72
2023-05-19,Headphones,86.77
2023-05-19,Monitor,295.68
2023-05-19,Mouse,26.03
2023-05-19,Headphones,83.5
2023-05-19,Mouse,24.22
2023-05-19,Mouse,26.73
2023-05-19,Monitor,288.02
2023-05-19,Laptop,938.57
2023-05-19,Laptop,900.07
2023-05-19,Keyboard,51.65
2023-05-19,Laptop,930.8
2023-05-19,Monitor,273.79
2023-05-19,Monitor,311.33
2023-05-20,Mouse,25.56
2023-05-20,Keyboard,45.07
2023-05-20,Monitor,317.71
2023-05-20,Headphones,75.61
2023-05-20,Monitor,316.79
2023-05-20,Headphones,73.39
2023-05-20,Monitor,326.31
2023-05-20,Keyboard,46.29
2023-05-20,Keyboard,54.76
2023-05-20,Monitor,314.99
2023-05-20,Keyboard,50.25
2023-05-20,Headphones,72.39
2023-05-20,Keyboard,51.12
2023-05-21,Headphones,75.4
2023-05-21,Laptop,1016.69
2023-05-21,Monitor,320.08
2023-05-21,Keyboard,52.23
2023-05-21,Monitor,296.37
2023-05-22,Monitor,327.17
2023-05-22,Keyboard,46.98
2023-05-22,Headphones,81.07
2023-05-22,Mouse,23.92
2023-05-22,Headphones,76.46
2023-05-22,Keyboard,48.47
2023-05-22,Mouse,22.59
2023-05-22,Headphones,84.87
2023-05-22,Monitor,316.9
2023-05-22,Headphones,80.28
2023-05-22,Keyboard,51.73
2023-05-22,Monitor,274.87
2023-05-22,Laptop,1071.24
2023-05-22,Monitor,311.9
2023-05-23,Headphones,76.92
2023-05-23,Keyboard,49.15
2023-05-23,Headphones,83.64
2023-05-23,Keyboard,52.67
2023-05-23,Keyboard,51.22
2023-05-23,Headphones,84.32
2023-05-23,Laptop,923.03
2023-05-23,Laptop,903.18
2023-05-23,Monitor,320.48
2023-05-24,Laptop,1023.53
2023-05-24,Keyboard,53.08
2023-05-25,Headphones,74.62
2023-05-25,Headphones,73.23
2023-05-25,Monitor,309.27
2023-05-25,Mouse,25.91
2023-05-25,Monitor,294.92
2023-05-25,Keyboard,52.24
2023-05-25,Monitor,295.02
2023-05-25,Monitor,307.1
2023-05-25,Monitor,277.59
2023-05-25,Headphones,76.14
2023-05-26,Mouse,25.11
2023-05-26,Mouse,22.98
2023-05-26,Keyboard,52.7
2023-05-26,Mouse,23.23
2023-05-26,Headphones,76.07
2023-05-26,Laptop,910.09
2023-05-26,Keyboard,48.53
2023-05-26,Headphones,76.83
2023-05-26,Headphones,76.12
2023-05-26,Laptop,1003.6
2023-05-26,Mouse,23.81
2023-05-27,Monitor,325.71
2023-05-27,Laptop,979.0
2023-05-27,Monitor,305.91
2023-05-27,Monitor,298.02
2023-05-27,Headphones,83.66
2023-05-27,Monitor,297.36
2023-05-27,Mouse,26.22
2023-05-27,Headphones,81.63
2023-05-28,Headphones,74.84
2023-05-28,Monitor,283.59
2023-05-28,Headphones,85.6
2023-05-28,Mouse,25.61
2023-05-28,Monitor,324.65
2023-05-28,Headphones,76.77
2023-05-28,Laptop,1076.99
2023-05-28,Mouse,25.15
2023-05-28,Monitor,277.26
2023-05-28,Monitor,321.53
2023-05-28,Keyboard,51.25
2023-05-28,Headphones,82.92
2023-05-28,Headphones,80.25
2023-05-29,Monitor,326.66
2023-05-29,Mouse,25.81
2023-05-29,Keyboard,48.36
2023-05-30,Keyboard,48.68
2023-05-30,Headphones,86.54
2023-05-30,Monitor,317.34
2023-05-30,Keyboard,46.56
2023-05-30,Monitor,274.72
2023-05-30,Laptop,1006.86
2023-05-30,Keyboard,49.04
2023-05-30,Keyboard,45.53
2023-05-31,Keyboard,52.1
2023-05-31,Laptop,970.22
2023-05-31,Laptop,1021.63
2023-05-31,Mouse,23.63
2023-05-31,Headphones,84.95
2023-05-31,Monitor,278.24
2023-05-31,Laptop,1094.04
2023-05-31,Headphones,76.57
2023-05-31,Keyboard,51.33
2023-05-31,Keyboard,51.46
2023-05-31,Headphones,81.18
2023-05-31,Mouse,24.46
2023-06-01,Monitor,304.71
2023-06-01,Mouse,24.47
2023-06-01,Keyboard,54.85
2023-06-01,Mouse,23.46
2023-06-01,Monitor,298.26
2023-06-01,Headphones,83.55
2023-06-01,Keyboard,50.78
2023-06-01,Keyboard,49.4
2023-06-01,Keyboard,48.17
2023-06-01,Monitor,271.73
2023-06-01,Mouse,26.32
2023-06-01,Monitor,298.1
2023-06-01,Mouse,23.31
2023-06-01,Headphones,80.62
2023-06-01,Headphones,81.97
2023-06-02,Mouse,23.05
2023-06-02,Monitor,293.47
2023-06-02,Headphones,76.83
2023-06-02,Headphones,73.56
2023-06-02,Keyboard,48.0
2023-06-02,Monitor,296.55
2023-06-02,Keyboard,47.23
2023-06-02,Headphones,78.9
2023-06-03,Monitor,317.2
2023-06-03,Headphones,78.38
2023-06-03,Keyboard,51.78
2023-06-03,Mouse,22.9
2023-06-03,Monitor,293.9
2023-06-03,Laptop,946.86
2023-06-04,Keyboard,51.27
2023-06-04,Keyboard,53.63
2023-06-04,Monitor,303.73
2023-06-04,Laptop,927.8
2023-06-05,Keyboard,49.22
2023-06-05,Mouse,24.72
2023-06-05,Laptop,1019.84
2023-06-05,Headphones,83.62
2023-06-05,Mouse,27.48
2023-06-05,Laptop,923.6
2023-06-05,Laptop,1022.58
2023-06-05,Monitor,314.8
2023-06-06,Mouse,23.59
2023-06-07,Headphones,85.6
2023-06-07,Headphones,81.52
2023-06-07,Mouse,25.1
2023-06-07,Headphones,82.87
2023-06-07,Keyboard,54.78
2023-06-07,Keyboard,52.24
2023-06-07,Monitor,326.1
2023-06-07,Laptop,1043.71
2023-06-07,Headphones,76.23
2023-06-07,Mouse,23.68
2023-06-07,Keyboard,48.05
2023-06-07,Headphones,81.14
2023-06-08,Keyboard,45.9
2023-06-08,Monitor,298.11
2023-06-09,Keyboard,53.48
2023-06-09,Laptop,1064.62
2023-06-09,Keyboard,53.77
2023-06-09,Headphones,72.51
2023-06-09,Keyboard,50.35
2023-06-09,Monitor,285.38
2023-06-10,Mouse,27.25
2023-06-10,Laptop,1062.66
2023-06-10,Laptop,965.05
2023-06-10,Headphones,85.68
2023-06-11,Monitor,317.59
2023-06-11,Keyboard,53.23
2023-06-11,Mouse,24.95
2023-06-11,Laptop,985.47
2023-06-11,Keyboard,53.12
2023-06-11,Monitor,309.82
2023-06-11,Mouse,22.75
2023-06-11,Keyboard,54.83
2023-06-11,Keyboard,50.1
2023-06-11,Laptop,914.6
2023-06-11,Laptop,962.38
2023-06-11,Laptop,1085.63
2023-06-11,Laptop,1035.01
2023-06-11,Mouse,25.51
2023-06-12,Mouse,22.81
2023-06-12,Headphones,72.52
2023-06-12,Laptop,967.96
2023-06-12,Keyboard,52.31
2023-06-12,Headphones,75.04
2023-06-12,Keyboard,47.55
2023-06-12,Keyboard,48.44
2023-06-12,Headphones,77.82
2023-06-12,Mouse,27.23
2023-06-12,Keyboard,54.63
2023-06-12,Monitor,305.33
2023-06-12,Keyboard,50.85
2023-06-12,Monitor,282.38
2023-06-12,Headphones,79.81
2023-06-13,Keyboard,47.22
2023-06-13,Keyboard,49.63
2023-06-13,Mouse,25.62
2023-06-13,Mouse,23.13
2023-06-13,Laptop,1094.95
2023-06-13,Headphones,87.47
2023-06-13,Headphones,84.49
2023-06-13,Monitor,291.95
2023-06-13,Laptop,929.07
2023-06-13,Laptop,983.06
2023-06-13,Laptop,936.5
2023-06-13,Keyboard,45.19
2023-06-13,Monitor,314.28
2023-06-13,Keyboard,50.8
2023-06-13,Mouse,26.58
2023-06-14,Keyboard,49.65
2023-06-14,Keyboard,46.9
2023-06-14,Headphones,86.86
2023-06-15,Monitor,287.26
2023-06-15,Laptop,1049.95
2023-06-15,Laptop,937.39
2023-06-15,Monitor,307.07
2023-06-15,Monitor,297.77
2023-06-15,Headphones,84.03
2023-06-15,Laptop,1030.72
2023-06-16,Mouse,27.37
2023-06-16,Monitor,308.01
2023-06-16,Monitor,308.71
2023-06-16,Laptop,909.04
2023-06-16,Headphones,86.8
2023-06-16,Mouse,26.93
2023-06-16,Headphones,76.37
2023-06-16,Headphones,72.37
2023-06-16,Headphones,82.26
2023-06-16,Mouse,26.17
2023-06-17,Keyboard,51.69
2023-06-17,Headphones,85.06
2023-06-17,Monitor,302.05
2023-06-17,Mouse,26.13
2023-06-17,Mouse,25.76
2023-06-18,Keyboard,50.86
2023-06-18,Monitor,303.51
2023-06-18,Monitor,292.01
2023-06-18,Laptop,1060.23
2023-06-18,Keyboard,51.38
2023-06-18,Monitor,299.83
2023-06-18,Mouse,22.81
2023-06-18,Monitor,298.14
2023-06-18,Laptop,1021.05
2023-06-18,Monitor,284.63
2023-06-18,Headphones,80.37
2023-06-18,Headphones,82.37
2023-06-19,Laptop,1033.48
2023-06-19,Headphones,86.81
2023-06-19,Monitor,316.58
2023-06-19,Keyboard,46.91
2023-06-19,Laptop,904.87
2023-06-19,Monitor,297.88
2023-06-19,Laptop,986.57
2023-06-19,Laptop,1042.87
2023-06-19,Monitor,326.34
2023-06-19,Mouse,24.96
2023-06-19,Mouse,22.97
2023-06-19,Keyboard,50.08
2023-06-19,Keyboard,54.28
2023-06-19,Headphones,72.92
2023-06-19,Monitor,294.74
2023-06-20,Mouse,25.37
2023-06-20,Laptop,900.43
2023-06-20,Laptop,1090.59
2023-06-20,Headphones,72.76
2023-06-20,Monitor,312.13
2023-06-20,Laptop,1023.88
2023-06-20,Monitor,328.01
2023-06-20,Mouse,22.51
2023-06-21,Laptop,1033.88
2023-06-21,Laptop,1019.76
2023-06-21,Laptop,948.73
2023-06-21,Monitor,320.08
2023-06-21,Laptop,1046.97
2023-06-22,Headphones,74.87
2023-06-22,Mouse,23.9
2023-06-22,Laptop,968.11
2023-06-22,Keyboard,45.77
2023-06-22,Keyboard,51.7
2023-06-22,Keyboard,50.97
2023-06-22,Laptop,1094.78
2023-06-22,Laptop,967.91
2023-06-22,Laptop,988.64
2023-06-22,Headphones,74.83
2023-06-22,Mouse,26.8
2023-06-22,Headphones,83.16
2023-06-23,Laptop,918.85
2023-06-23,Keyboard,47.53
2023-06-23,Headphones,77.39
2023-06-23,Headphones,74.92
2023-06-23,Mouse,23.31
2023-06-23,Mouse,23.29
2023-06-24,Monitor,324.96
2023-06-24,Headphones,74.68
2023-06-24,Headphones,83.36
2023-06-24,Monitor,276.35
2023-06-24,Monitor,270.7
2023-06-24,Keyboard,53.46
2023-06-24,Keyboard,51.79
2023-06-24,Keyboard,50.87
2023-06-24,Mouse,23.41
2023-06-24,Mouse,22.76
2023-06-25,Headphones,81.18
2023-06-25,Monitor,294.0
2023-06-25,Mouse,26.3
2023-06-25,Mouse,27.04
2023-06-25,Keyboard,53.12
2023-06-26,Keyboard,49.14
2023-06-26,Mouse,27.37
2023-06-26,Headphones,72.91
2023-06-26,Mouse,22.83
2023-06-26,Mouse,23.34
2023-06-26,Headphones,72.92
2023-06-26,Monitor,296.25
2023-06-26,Mouse,24.01
2023-06-26,Monitor,280.22
2023-06-26,Headphones,80.87
2023-06-26,Keyboard,49.98
2023-06-26,Laptop,1046.88
2023-06-27,Headphones,82.5
2023-06-27,Keyboard,47.42
2023-06-27,Laptop,980.65
2023-06-27,Headphones,85.83
2023-06-27,Keyboard,47.0
2023-06-28,Laptop,1015.78
2023-06-28,Monitor,274.21
2023-06-28,Monitor,302.54
2023-06-28,Mouse,26.47
2023-06-28,Headphones,77.88
2023-06-28,Monitor,313.99
2023-06-28,Headphones,78.05
2023-06-28,Mouse,23.43
2023-06-28,Headphones,76.21
2023-06-28,Headphones,81.84
2023-06-28,Laptop,1022.46
2023-06-29,Keyboard,47.5
2023-06-29,Laptop,901.24
2023-06-29,Headphones,85.9
2023-06-29,Mouse,27.46
2023-06-30,Monitor,274.55
2023-06-30,Mouse,25.12
2023-06-30,Monitor,305.93
2023-06-30,Headphones,77.98
2023-06-30,Monitor,305.85
2023-06-30,Laptop,956.6
2023-06-30,Monitor,319.65
2023-06-30,Keyboard,46.59
2023-06-30,Headphones,77.17
2023-06-30,Mouse,25.79
2023-06-30,Headphones,75.92
2023-06-30,Headphones,83.33
2023-07-01,Laptop,1034.03
2023-07-01,Monitor,329.89
2023-07-01,Mouse,25.33
2023-07-01,Laptop,1043.1
2023-07-01,Monitor,274.56
2023-07-01,Monitor,322.39
2023-07-01,Mouse,26.91
2023-07-01,Keyboard,47.45
2023-07-01,Headphones,79.47
2023-07-01,Monitor,291.6
2023-07-01,Headphones,84.23
2023-07-02,Laptop,1042.89
2023-07-02,Mouse,26.56
2023-07-02,Monitor,287.26
2023-07-02,Keyboard,49.04
2023-07-02,Mouse,23.19
2023-07-02,Monitor,279.95
2023-07-02,Headphones,75.6
2023-07-02,Mouse,27.06
2023-07-02,Laptop,1093.56
2023-07-02,Keyboard,48.77
2023-07-02,Headphones,84.81
2023-07-02,Monitor,275.71
2023-07-02,Monitor,320.22
2023-07-02,Monitor,283.38
2023-07-03,Headphones,80.69
2023-07-03,Laptop,1062.25
2023-07-04,Keyboard,54.99
2023-07-04,Headphones,76.14
2023-07-04,Monitor,308.91
2023-07-04,Headphones,76.48
2023-07-04,Headphones,83.71
2023-07-04,Mouse,22.63
2023-07-04,Keyboard,47.02
2023-07-04,Laptop,1048.94
2023-07-04,Mouse,26.57
2023-07-04,Laptop,956.09
2023-07-04,Keyboard,50.57
2023-07-04,Keyboard,52.62
2023-07-05,Keyboard,48.13
2023-07-05,Keyboard,51.89
2023-07-05,Mouse,23.4
2023-07-05,Mouse,24.44
2023-07-05,Headphones,81.08
2023-07-05,Laptop,1001.32
2023-07-05,Laptop,930.09
2023-07-05,Monitor,318.14
2023-07-05,Headphones,83.79
2023-07-05,Headphones,81.35
2023-07-05,Monitor,308.0
2023-07-05,Laptop,1039.87
2023-07-05,Headphones,83.26
2023-07-06,Headphones,73.92
2023-07-07,Keyboard,53.19
2023-07-08,Mouse,22.53
2023-07-08,Headphones,80.9
2023-07-08,Laptop,917.85
2023-07-09,Mouse,24.87
2023-07-09,Mouse,23.05
2023-07-09,Monitor,318.89
2023-07-09,Monitor,317.72
2023-07-09,Keyboard,45.59
2023-07-09,Monitor,329.9
2023-07-09,Headphones,74.07
2023-07-09,Monitor,321.07
2023-07-09,Keyboard,50.87
2023-07-09,Keyboard,49.17
2023-07-09,Monitor,314.11
2023-07-09,Monitor,292.76
2023-07-09,Headphones,82.16
2023-07-09,Laptop,902.92
2023-07-09,Mouse,26.24
2023-07-10,Headphones,83.14
2023-07-10,Laptop,977.62
2023-07-10,Mouse,24.29
2023-07-10,Monitor,287.02
2023-07-10,Laptop,957.0
2023-07-10,Headphones,74.72
2023-07-10,Laptop,933.27
2023-07-10,Mouse,26.55
2023-07-10,Headphones,83.85
2023-07-10,Mouse,25.31
2023-07-10,Monitor,285.76
2023-07-10,Monitor,273.98
2023-07-10,Laptop,946.37
2023-07-10,Mouse,26.21
2023-07-10,Monitor,270.16
2023-07-11,Headphones,78.05
2023-07-11,Mouse,22.67
2023-07-11,Monitor,306.48
2023-07-11,Keyboard,51.12
2023-07-11,Mouse,23.07
2023-07-11,Keyboard,46.01
2023-07-11,Keyboard,46.55
2023-07-12,Monitor,306.47
2023-07-12,Headphones,86.84
2023-07-12,Monitor,315.87
2023-07-12,Laptop,1001.64
2023-07-12,Monitor,298.98
2023-07-12,Monitor,278.53
2023-07-12,Headphones,74.39
2023-07-12,Laptop,960.66
2023-07-12,Laptop,988.57
2023-07-12,Keyboard,50.1
2023-07-12,Laptop,1044.94
2023-07-12,Monitor,308.21
2023-07-12,Headphones,72.84
2023-07-12,Headphones,85.71
2023-07-12,Mouse,23.05
2023-07-13,Headphones,77.4
2023-07-13,Mouse,24.21
2023-07-13,Laptop,961.5
2023-07-13,Monitor,321.44
2023-07-13,Laptop,1048.8
2023-07-13,Headphones,81.91
2023-07-13,Laptop,1021.15
2023-07-14,Laptop,930.42
2023-07-14,Monitor,326.27
2023-07-14,Keyboard,47.98
2023-07-15,Keyboard,50.05
2023-07-15,Keyboard,48.61
2023-07-15,Laptop,978.2
2023-07-15,Mouse,23.41
2023-07-15,Headphones,85.38
2023-07-16,Laptop,1019.09
2023-07-16,Headphones,81.29
2023-07-16,Laptop,1081.66
2023-07-16,Headphones,83.71
2023-07-16,Headphones,78.78
2023-07-16,Keyboard,47.95
2023-07-16,Laptop,932.03
2023-07-16,Laptop,1074.15
2023-07-16,Laptop,1057.22
2023-07-16,Mouse,25.01
2023-07-17,Headphones,78.85
2023-07-17,Laptop,1039.05
2023-07-17,Headphones,83.15
2023-07-17,Monitor,301.07
2023-07-17,Keyboard,52.88
2023-07-17,Keyboard,51.67
2023-07-17,Laptop,1014.76
2023-07-17,Monitor,314.46
2023-07-17,Headphones,85.72
2023-07-18,Mouse,22.8
2023-07-18,Headphones,75.01
2023-07-18,Mouse,23.95
2023-07-18,Monitor,319.24
2023-07-18,Headphones,80.83
2023-07-18,Mouse,24.17
2023-07-18,Monitor,282.78
2023-07-18,Mouse,22.52
2023-07-19,Mouse,26.98
2023-07-19,Keyboard,47.7
2023-07-19,Headphones,73.28
2023-07-19,Laptop,1049.91
2023-07-19,Headphones,86.2
2023-07-19,Keyboard,46.22
2023-07-19,Headphones,81.04
2023-07-19,Keyboard,45.01
2023-07-19,Keyboard,50.74
2023-07-19,Laptop,906.44
2023-07-20,Monitor,279.25
2023-07-20,Monitor,294.64
2023-07-20,Keyboard,53.37
2023-07-20,Monitor,308.93
2023-07-21,Keyboard,45.33
2023-07-21,Monitor,276.73
2023-07-21,Monitor,315.49
2023-07-21,Laptop,1040.2
2023-07-21,Laptop,1098.9
2023-07-21,Mouse,26.54
2023-07-22,Keyboard,50.14
2023-07-22,Keyboard,45.69
2023-07-22,Keyboard,48.36
2023-07-22,Laptop,954.89
2023-07-22,Keyboard,54.4
2023-07-22,Mouse,22.57
2023-07-22,Headphones,78.85
2023-07-22,Monitor,284.22
2023-07-22,Headphones,87.57
2023-07-22,Mouse,26.43
2023-07-22,Headphones,73.28
2023-07-22,Keyboard,48.19
2023-07-23,Keyboard,47.97
2023-07-23,Monitor,280.74
2023-07-23,Monitor,282.03
2023-07-23,Mouse,24.29
2023-07-24,Laptop,1040.95
2023-07-24,Keyboard,46.04
2023-07-24,Mouse,23.86
2023-07-24,Mouse,24.62
2023-07-24,Monitor,310.17
2023-07-24,Laptop,901.35
2023-07-24,Monitor,270.5
2023-07-24,Mouse,23.32
2023-07-24,Headphones,87.96
2023-07-24,Keyboard,51.98
2023-07-24,Mouse,24.34
2023-07-24,Monitor,299.57
2023-07-25,Keyboard,46.92
2023-07-26,Headphones,84.64
2023-07-26,Mouse,24.09
2023-07-26,Headphones,83.84
2023-07-26,Headphones,82.55
2023-07-26,Keyboard,51.14
2023-07-26,Monitor,301.35
2023-07-27,Monitor,282.84
2023-07-27,Laptop,1011.34
2023-07-27,Laptop,1030.16
2023-07-27,Laptop,1094.03
2023-07-27,Headphones,76.14
2023-07-27,Laptop,983.39
2023-07-27,Monitor,314.08
2023-07-27,Monitor,285.4
2023-07-27,Monitor,290.32
2023-07-27,Headphones,82.94
2023-07-27,Headphones,87.73
2023-07-27,Laptop,994.13
2023-07-27,Mouse,26.36
2023-07-27,Headphones,74.7
2023-07-27,Monitor,287.25
2023-07-28,Keyboard,50.16
2023-07-28,Laptop,1094.38
2023-07-28,Laptop,922.2
2023-07-28,Headphones,86.44
2023-07-28,Headphones,83.46
2023-07-28,Monitor,311.77
2023-07-28,Laptop,954.57
2023-07-28,Headphones,74.47
2023-07-28,Headphones,86.45
2023-07-28,Mouse,24.28
2023-07-29,Laptop,1069.0
2023-07-29,Monitor,285.09
2023-07-29,Mouse,24.68
2023-07-29,Keyboard,54.47
2023-07-29,Monitor,278.06
2023-07-29,Laptop,1059.71
2023-07-29,Keyboard,46.54
2023-07-29,Keyboard,50.86
2023-07-29,Mouse,26.3
2023-07-30,Monitor,306.58
2023-07-30,Mouse,22.56
2023-07-30,Monitor,301.67
2023-07-30,Laptop,1050.93
2023-07-30,Headphones,78.45
2023-07-30,Headphones,79.62
2023-07-30,Keyboard,53.25
2023-07-30,Mouse,22.62
2023-07-30,Mouse,25.06
2023-07-30,Monitor,316.46
2023-07-30,Monitor,318.67
2023-07-30,Laptop,1060.46
2023-07-30,Headphones,77.73
2023-07-31,Mouse,27.04
2023-07-31,Mouse,26.65
2023-07-31,Laptop,1071.72
2023-07-31,Mouse,24.69
2023-07-31,Monitor,328.5
2023-07-31,Monitor,301.09
2023-07-31,Headphones,86.01
2023-07-31,Monitor,281.58
2023-07-31,Monitor,283.44
2023-07-31,Headphones,82.77
2023-07-31,Laptop,938.88
2023-07-31,Monitor,292.84
2023-07-31,Mouse,25.48
2023-08-01,Mouse,24.98
2023-08-01,Laptop,1003.75
2023-08-01,Laptop,1030.9
2023-08-01,Monitor,307.01
2023-08-01,Monitor,313.21
2023-08-01,Headphones,74.11
2023-08-01,Keyboard,47.56
2023-08-01,Keyboard,47.25
2023-08-01,Monitor,316.53
2023-08-01,Laptop,964.79
2023-08-01,Keyboard,54.09
2023-08-01,Headphones,85.17
2023-08-01,Headphones,77.02
2023-08-02,Keyboard,53.49
2023-08-02,Keyboard,47.78
2023-08-03,Mouse,23.54
2023-08-04,Monitor,271.3
2023-08-04,Laptop,1012.57
2023-08-04,Laptop,913.6
2023-08-04,Monitor,326.56
2023-08-04,Monitor,328.85
2023-08-04,Laptop,936.16
2023-08-04,Monitor,315.97
2023-08-04,Laptop,1041.4
2023-08-04,Mouse,26.32
2023-08-04,Headphones,85.75
2023-08-05,Headphones,75.31
2023-08-05,Laptop,976.6
2023-08-05,Keyboard,49.7
2023-08-05,Headphones,84.96
2023-08-05,Headphones,72.93
2023-08-05,Monitor,312.27
2023-08-06,Laptop,1078.74
2023-08-06,Headphones,73.71
2023-08-06,Laptop,1012.48
2023-08-06,Monitor,287.06
2023-08-06,Mouse,24.2
2023-08-06,Headphones,81.24
2023-08-06,Headphones,80.14
2023-08-06,Laptop,1031.03
2023-08-06,Mouse,23.6
2023-08-06,Monitor,320.75
2023-08-06,Keyboard,45.73
2023-08-06,Laptop,1062.19
2023-08-06,Mouse,26.28
2023-08-06,Keyboard,46.06
2023-08-07,Mouse,25.86
2023-08-07,Monitor,277.89
2023-08-07,Mouse,22.87
2023-08-07,Headphones,81.91
2023-08-07,Keyboard,51.63
2023-08-07,Mouse,23.48
2023-08-07,Keyboard,50.24
2023-08-07,Mouse,23.84
2023-08-07,Laptop,1026.81
2023-08-07,Keyboard,46.03
2023-08-08,Monitor,325.58
2023-08-08,Mouse,25.88
2023-08-08,Keyboard,52.79
2023-08-09,Mouse,26.69
2023-08-09,Keyboard,54.89
2023-08-09,Headphones,74.9
2023-08-09,Monitor,292.14
2023-08-09,Mouse,25.84
2023-08-10,Mouse,24.44
2023-08-10,Laptop,1050.85
2023-08-10,Mouse,25.64
2023-08-10,Laptop,909.11
2023-08-10,Mouse,23.15
2023-08-10,Keyboard,50.95
2023-08-10,Headphones,84.22
2023-08-10,Laptop,1038.91
2023-08-10,Headphones,75.52
2023-08-10,Mouse,27.18
2023-08-11,Mouse,23.3
2023-08-11,Monitor,286.81
2023-08-11,Monitor,278.22
2023-08-11,Mouse,25.3
2023-08-11,Headphones,84.07
2023-08-11,Headphones,76.71
2023-08-11,Mouse,23.97
2023-08-11,Laptop,967.48
2023-08-11,Keyboard,53.0
2023-08-11,Monitor,299.62
2023-08-12,Headphones,87.09
2023-08-12,Mouse,27.34
2023-08-12,Mouse,24.41
2023-08-12,Keyboard,47.23
2023-08-12,Laptop,998.71
2023-08-12,Monitor,283.76
2023-08-12,Headphones,79.7
2023-08-12,Headphones,85.23
2023-08-12,Monitor,273.39
2023-08-12,Mouse,26.19
2023-08-12,Keyboard,54.62
2023-08-13,Headphones,81.87
2023-08-13,Laptop,1005.16
2023-08-13,Keyboard,54.54
2023-08-13,Monitor,277.61
2023-08-13,Laptop,999.37
2023-08-13,Headphones,79.68
2023-08-13,Headphones,81.46
2023-08-13,Keyboard,47.89
2023-08-13,Headphones,81.43
2023-08-13,Headphones,85.0
2023-08-13,Mouse,23.47
2023-08-14,Keyboard,45.02
2023-08-14,Monitor,323.19
2023-08-14,Monitor,311.86
2023-08-14,Monitor,328.6
2023-08-14,Laptop,910.7
2023-08-14,Mouse,25.49
2023-08-14,Monitor,325.04
2023-08-14,Mouse,26.39
2023-08-14,Headphones,74.89
2023-08-15,Laptop,953.4
2023-08-15,Mouse,25.21
2023-08-15,Mouse,22.82
2023-08-15,Laptop,993.45
2023-08-15,Monitor,320.6
2023-08-15,Laptop,948.34
2023-08-15,Headphones,85.08
2023-08-15,Keyboard,52.43
2023-08-16,Keyboard,49.33
2023-08-16,Laptop,1016.04
2023-08-16,Mouse,26.49
2023-08-16,Monitor,317.15
2023-08-16,Mouse,25.44
2023-08-16,Keyboard,47.46
2023-08-17,Mouse,25.06
2023-08-17,Laptop,962.85
2023-08-17,Monitor,298.5
2023-08-17,Laptop,1032.41
2023-08-17,Mouse,25.77
2023-08-18,Headphones,84.66
2023-08-18,Monitor,310.08
2023-08-18,Monitor,289.24
2023-08-18,Keyboard,52.01
2023-08-18,Headphones,77.76
2023-08-18,Headphones,73.43
2023-08-18,Keyboard,51.03
2023-08-18,Keyboard,46.41
2023-08-18,Headphones,85.21
2023-08-18,Keyboard,45.92
2023-08-19,Monitor,322.09
2023-08-19,Headphones,74.78
2023-08-19,Keyboard,54.48
2023-08-19,Monitor,300.85
2023-08-19,Monitor,300.75
2023-08-19,Mouse,26.22
2023-08-19,Headphones,77.75
2023-08-19,Monitor,312.56
2023-08-19,Headphones,81.24
2023-08-19,Mouse,23.47
2023-08-20,Monitor,285.54
2023-08-20,Monitor,292.86
2023-08-20,Monitor,282.33
2023-08-20,Keyboard,46.13
2023-08-20,Mouse,24.47
2023-08-20,Mouse,26.64
2023-08-20,Monitor,298.51
2023-08-20,Keyboard,54.73
2023-08-20,Keyboard,48.54
2023-08-20,Keyboard,49.44
2023-08-20,Laptop,971.53
2023-08-20,Headphones,79.22
2023-08-21,Keyboard,47.47
2023-08-21,Laptop,949.88
2023-08-21,Monitor,272.76
2023-08-21,Laptop,942.43
2023-08-21,Monitor,298.28
2023-08-21,Keyboard,45.53
2023-08-21,Headphones,77.72
2023-08-21,Monitor,304.64
2023-08-21,Headphones,80.31
2023-08-21,Mouse,24.84
2023-08-21,Monitor,319.32
2023-08-21,Keyboard,48.91
2023-08-21,Monitor,328.66
2023-08-22,Mouse,25.32
2023-08-22,Mouse,23.86
2023-08-22,Headphones,83.83
2023-08-22,Mouse,26.89
2023-08-22,Keyboard,51.45
2023-08-22,Mouse,24.36
2023-08-23,Headphones,85.65
2023-08-23,Monitor,318.02
2023-08-23,Keyboard,52.11
2023-08-23,Monitor,326.8
2023-08-23,Monitor,316.46
2023-08-23,Headphones,86.69
2023-08-23,Laptop,1095.25
2023-08-23,Mouse,25.29
2023-08-23,Monitor,273.98
2023-08-23,Headphones,75.91
2023-08-23,Headphones,74.78
2023-08-23,Monitor,279.31
2023-08-23,Keyboard,53.96
2023-08-23,Monitor,303.32
2023-08-24,Mouse,23.5
2023-08-24,Monitor,316.08
2023-08-24,Headphones,76.69
2023-08-24,Laptop,900.42
2023-08-24,Mouse,26.0
2023-08-25,Laptop,1095.12
2023-08-25,Laptop,1069.73
2023-08-25,Keyboard,47.55
2023-08-25,Keyboard,52.64
2023-08-26,Mouse,23.27
2023-08-27,Headphones,85.36
2023-08-27,Mouse,24.45
2023-08-27,Headphones,73.69
2023-08-27,Headphones,72.07
2023-08-27,Mouse,25.41
2023-08-27,Laptop,913.57
2023-08-27,Laptop,1032.02
2023-08-27,Mouse,25.56
2023-08-27,Monitor,288.97
2023-08-28,Headphones,87.01
2023-08-28,Keyboard,46.53
2023-08-28,Keyboard,48.8
2023-08-28,Mouse,25.96
2023-08-29,Monitor,284.08
2023-08-29,Headphones,84.4
2023-08-29,Keyboard,52.85
2023-08-29,Headphones,83.56
2023-08-29,Headphones,79.81
2023-08-29,Mouse,23.8
2023-08-30,Laptop,1049.17
2023-08-30,Keyboard,51.02
2023-08-30,Monitor,326.95
2023-08-30,Keyboard,45.89
2023-08-30,Mouse,26.58
2023-08-30,Keyboard,52.2
2023-08-30,Monitor,293.74
2023-08-30,Monitor,312.46
2023-08-31,Headphones,78.24
2023-08-31,Keyboard,51.29
2023-08-31,Monitor,283.04
2023-08-31,Mouse,27.26
2023-08-31,Mouse,23.52
2023-08-31,Headphones,84.77
2023-08-31,Monitor,304.69
2023-08-31,Laptop,1066.88
2023-08-31,Keyboard,54.38
2023-08-31,Headphones,84.58
2023-08-31,Monitor,292.19
2023-08-31,Headphones,72.45
2023-09-01,Monitor,282.95
2023-09-01,Laptop,1016.17
2023-09-01,Monitor,322.41
2023-09-01,Monitor,325.97
2023-09-01,Monitor,325.93
2023-09-01,Monitor,282.14
2023-09-01,Monitor,327.7
2023-09-01,Mouse,26.73
2023-09-01,Headphones,84.34
2023-09-02,Monitor,307.14
2023-09-02,Mouse,22.58
2023-09-02,Mouse,24.74
2023-09-02,Keyboard,54.62
2023-09-03,Headphones,81.94
2023-09-03,Laptop,1056.95
2023-09-03,Headphones,85.22
2023-09-03,Laptop,1044.87
2023-09-03,Monitor,318.01
2023-09-03,Mouse,23.41
2023-09-03,Monitor,280.25
2023-09-03,Headphones,85.47
2023-09-03,Monitor,275.71
2023-09-03,Laptop,930.44
2023-09-03,Headphones,74.45
2023-09-03,Headphones,74.67
2023-09-03,Monitor,277.72
2023-09-04,Mouse,23.55
2023-09-04,Mouse,26.37
2023-09-04,Laptop,1002.38
2023-09-04,Mouse,23.15
2023-09-04,Mouse,24.13
2023-09-05,Headphones,72.05
2023-09-05,Headphones,77.32
2023-09-05,Keyboard,51.41
2023-09-05,Monitor,324.48
2023-09-05,Headphones,81.78
2023-09-05,Monitor,292.21
2023-09-05,Laptop,1070.91
2023-09-05,Keyboard,52.86
2023-09-06,Mouse,24.75
2023-09-06,Mouse,23.82
2023-09-06,Mouse,23.66
2023-09-06,Laptop,1065.65
2023-09-06,Laptop,1018.95
2023-09-06,Laptop,1023.22
2023-09-06,Headphones,84.94
2023-09-06,Keyboard,47.55
2023-09-07,Keyboard,54.86
2023-09-07,Mouse,25.78
2023-09-07,Mouse,26.76
2023-09-07,Keyboard,53.27
2023-09-07,Keyboard,48.53
2023-09-07,Laptop,949.7
2023-09-08,Keyboard,46.8
2023-09-08,Laptop,1026.47
2023-09-08,Laptop,1065.75
2023-09-08,Laptop,956.52
2023-09-08,Headphones,74.97
2023-09-08,Mouse,24.17
2023-09-08,Monitor,325.57
2023-09-08,Mouse,23.06
2023-09-08,Laptop,966.11
2023-09-09,Headphones,78.03
2023-09-09,Laptop,907.14
2023-09-09,Mouse,25.17
2023-09-09,Keyboard,46.18
2023-09-09,Mouse,25.68
2023-09-09,Monitor,278.9
2023-09-09,Headphones,81.1
2023-09-10,Keyboard,48.98
2023-09-10,Headphones,73.82
2023-09-11,Mouse,22.93
2023-09-11,Headphones,86.55
2023-09-11,Monitor,302.28
2023-09-11,Monitor,316.84
2023-09-11,Keyboard,53.7
2023-09-12,Keyboard,50.84
2023-09-12,Keyboard,46.07
2023-09-12,Mouse,26.23
2023-09-12,Headphones,76.09
2023-09-12,Mouse,25.84
2023-09-12,Laptop,945.08
2023-09-12,Monitor,282.81
2023-09-12,Keyboard,53.1
2023-09-12,Monitor,300.69
2023-09-13,Keyboard,46.12
2023-09-13,Headphones,82.59
2023-09-13,Laptop,903.19
2023-09-14,Monitor,318.2
2023-09-14,Laptop,1074.64
2023-09-15,Headphones,75.47
2023-09-16,Mouse,23.35
2023-09-16,Laptop,901.3
2023-09-16,Keyboard,50.62
2023-09-17,Headphones,72.76
2023-09-17,Laptop,944.13
2023-09-17,Headphones,77.92
2023-09-17,Monitor,291.83
2023-09-17,Keyboard,51.33
2023-09-18,Keyboard,47.96
2023-09-18,Monitor,282.72
2023-09-18,Mouse,25.75
2023-09-18,Monitor,315.52
2023-09-18,Headphones,79.17
2023-09-18,Mouse,24.45
2023-09-18,Keyboard,54.48
2023-09-18,Mouse,25.85
2023-09-18,Mouse,23.54
2023-09-18,Keyboard,53.84
2023-09-19,Laptop,977.03
2023-09-20,Monitor,296.82
2023-09-20,Laptop,1090.3
2023-09-20,Headphones,72.37
2023-09-20,Monitor,283.21
2023-09-20,Keyboard,45.86
2023-09-20,Monitor,288.12
2023-09-20,Mouse,24.96
2023-09-20,Laptop,942.45
2023-09-20,Mouse,23.27
2023-09-20,Laptop,1009.76
2023-09-21,Monitor,299.01
2023-09-21,Laptop,948.57
2023-09-21,Monitor,289.89
2023-09-21,Laptop,1078.14
2023-09-21,Mouse,24.06
2023-09-22,Mouse,26.4
2023-09-22,Mouse,24.31
2023-09-22,Mouse,25.26
2023-09-22,Laptop,1041.07
2023-09-22,Headphones,86.06
2023-09-22,Headphones,87.29
2023-09-22,Headphones,85.8
2023-09-22,Laptop,952.57
2023-09-22,Monitor,294.81
2023-09-22,Keyboard,51.84
2023-09-22,Mouse,26.89
2023-09-22,Keyboard,48.51
2023-09-23,Headphones,78.18
2023-09-23,Mouse,23.18
2023-09-23,Headphones,84.99
2023-09-23,Laptop,1091.78
2023-09-23,Laptop,1050.77
2023-09-24,Mouse,24.09
2023-09-25,Keyboard,46.81
2023-09-25,Keyboard,54.86
2023-09-25,Monitor,290.42
2023-09-25,Laptop,992.04
2023-09-25,Headphones,78.57
2023-09-25,Keyboard,51.3
2023-09-25,Headphones,74.25
2023-09-25,Headphones,84.73
2023-09-25,Keyboard,50.38
2023-09-25,Monitor,299.86
2023-09-25,Monitor,279.76
2023-09-25,Mouse,25.19
2023-09-26,Monitor,321.03
2023-09-26,Mouse,23.14
2023-09-26,Headphones,85.34
2023-09-27,Keyboard,54.09
2023-09-27,Headphones,72.3
2023-09-27,Mouse,25.99
2023-09-27,Headphones,72.52
2023-09-27,Laptop,979.2
2023-09-27,Mouse,26.62
2023-09-27,Keyboard,53.94
2023-09-27,Headphones,79.04
2023-09-27,Headphones,85.31
2023-09-27,Headphones,84.33
2023-09-27,Keyboard,52.68
2023-09-27,Headphones,75.56
2023-09-27,Keyboard,53.76
2023-09-27,Monitor,326.16
2023-09-27,Laptop,1027.27
2023-09-28,Laptop,1047.07
2023-09-28,Headphones,80.34
2023-09-28,Headphones,82.3
2023-09-28,Monitor,322.32
2023-09-28,Keyboard,50.14
2023-09-28,Headphones,78.99
2023-09-28,Headphones,83.99
2023-09-29,Keyboard,46.59
2023-09-29,Monitor,289.49
2023-09-29,Laptop,958.39
2023-09-29,Headphones,80.51
2023-09-29,Laptop,1015.57
2023-09-29,Monitor,294.18
2023-09-29,Mouse,23.7
2023-09-29,Headphones,74.2
2023-09-29,Headphones,76.0
2023-09-29,Monitor,321.1
2023-09-29,Laptop,996.58
2023-09-29,Laptop,1065.06
2023-09-30,Laptop,951.66
2023-09-30,Keyboard,48.45
2023-09-30,Keyboard,52.97
2023-09-30,Monitor,306.28
2023-09-30,Mouse,24.36
2023-10-01,Monitor,322.53
2023-10-01,Headphones,74.25
2023-10-01,Headphones,79.37
2023-10-01,Headphones,80.46
2023-10-01,Keyboard,45.8
2023-10-01,Headphones,73.56
2023-10-01,Monitor,302.13
2023-10-01,Monitor,291.29
2023-10-01,Laptop,974.29
2023-10-01,Laptop,958.96
2023-10-02,Headphones,77.22
2023-10-02,Keyboard,48.22
2023-10-02,Laptop,915.51
2023-10-02,Keyboard,50.74
2023-10-02,Keyboard,54.05
2023-10-02,Laptop,950.06
2023-10-02,Keyboard,53.16
2023-10-03,Mouse,27.1
2023-10-03,Laptop,908.9
2023-10-03,Keyboard,48.59
2023-10-03,Mouse,27.0
2023-10-04,Laptop,913.5
2023-10-04,Keyboard,52.95
2023-10-04,Headphones,79.63
2023-10-04,Keyboard,48.8
2023-10-04,Mouse,26.63
2023-10-04,Headphones,74.93
2023-10-04,Monitor,273.93
2023-10-04,Laptop,1093.57
2023-10-04,Mouse,23.88
2023-10-05,Headphones,82.97
2023-10-06,Mouse,23.73
2023-10-06,Mouse,26.28
2023-10-06,Mouse,25.24
2023-10-06,Keyboard,46.68
2023-10-06,Keyboard,49.35
2023-10-06,Mouse,26.77
2023-10-06,Monitor,319.32
2023-10-07,Keyboard,45.06
2023-10-07,Monitor,325.6
2023-10-07,Keyboard,47.43
2023-10-07,Mouse,24.4
2023-10-07,Keyboard,45.3
2023-10-07,Monitor,291.78
2023-10-07,Laptop,1049.77
2023-10-07,Mouse,22.97
2023-10-07,Mouse,25.85
2023-10-08,Keyboard,53.75
2023-10-08,Mouse,22.92
2023-10-08,Monitor,292.81
2023-10-08,Headphones,83.14
2023-10-08,Laptop,956.34
2023-10-08,Monitor,298.9
2023-10-08,Keyboard,52.77
2023-10-09,Monitor,297.42
2023-10-09,Mouse,25.23
2023-10-09,Monitor,272.16
2023-10-10,Keyboard,46.14
2023-10-10,Monitor,284.82
2023-10-10,Laptop,949.2
2023-10-10,Monitor,298.18
2023-10-10,Mouse,24.62
2023-10-10,Monitor,302.04
2023-10-10,Laptop,1065.65
2023-10-10,Mouse,23.28
2023-10-10,Keyboard,45.12
2023-10-10,Headphones,87.37
2023-10-10,Mouse,23.34
2023-10-11,Monitor,291.17
2023-10-11,Mouse,27.04
2023-10-11,Keyboard,51.28
2023-10-11,Laptop,956.13
2023-10-11,Mouse,25.66
2023-10-11,Laptop,1059.04
2023-10-11,Laptop,1047.8
2023-10-11,Keyboard,46.84
2023-10-11,Mouse,27.23
2023-10-12,Keyboard,50.11
2023-10-12,Monitor,327.23
2023-10-12,Mouse,24.32
2023-10-12,Headphones,75.92
2023-10-12,Headphones,85.28
2023-10-12,Monitor,327.39
2023-10-12,Keyboard,54.48
2023-10-12,Mouse,24.11
2023-10-12,Mouse,22.83
2023-10-12,Monitor,273.15
2023-10-13,Headphones,79.55
2023-10-13,Laptop,916.4
2023-10-13,Monitor,282.07
2023-10-13,Mouse,24.31
2023-10-13,Laptop,924.83
2023-10-13,Laptop,1070.9
2023-10-13,Monitor,293.19
2023-10-14,Keyboard,50.6
2023-10-14,Keyboard,50.83
2023-10-14,Laptop,1073.41
2023-10-14,Mouse,27.36
2023-10-14,Monitor,322.01
2023-10-14,Monitor,273.69
2023-10-14,Monitor,307.93
2023-10-14,Headphones,76.35
2023-10-14,Headphones,83.12
2023-10-14,Mouse,25.45
2023-10-14,Monitor,293.2
2023-10-14,Laptop,1090.52
2023-10-14,Monitor,327.37
2023-10-14,Headphones,84.71
2023-10-14,Monitor,280.99
2023-10-15,Laptop,1068.01
2023-10-15,Monitor,287.66
2023-10-16,Monitor,313.0
2023-10-16,Headphones,86.93
2023-10-16,Monitor,285.46
2023-10-16,Mouse,26.36
2023-10-16,Headphones,87.93
2023-10-16,Monitor,274.94
2023-10-16,Keyboard,53.27
2023-10-16,Headphones,83.45
2023-10-16,Headphones,73.68
2023-10-16,Keyboard,54.34
2023-10-16,Keyboard,51.9
2023-10-16,Monitor,272.34
2023-10-16,Mouse,23.51
2023-10-17,Laptop,959.38
2023-10-17,Headphones,75.14
2023-10-17,Laptop,941.35
2023-10-17,Monitor,272.37
2023-10-17,Headphones,83.89
2023-10-18,Monitor,299.75
2023-10-18,Monitor,304.43
2023-10-18,Headphones,85.64
2023-10-18,Laptop,948.36
2023-10-18,Headphones,81.41
2023-10-18,Monitor,296.99
2023-10-18,Monitor,283.51
2023-10-18,Monitor,298.12
2023-10-18,Monitor,321.81
2023-10-18,Mouse,27.27
2023-10-18,Keyboard,49.03
2023-10-18,Monitor,283.83
2023-10-19,Mouse,23.06
2023-10-19,Laptop,958.1
2023-10-19,Mouse,24.15
2023-10-19,Keyboard,54.8
2023-10-19,Headphones,73.61
2023-10-19,Monitor,291.09
2023-10-19,Monitor,296.36
2023-10-19,Monitor,319.48
2023-10-19,Keyboard,45.48
2023-10-19,Mouse,25.68
2023-10-19,Monitor,271.85
2023-10-19,Mouse,25.09
2023-10-19,Monitor,292.73
2023-10-20,Keyboard,51.71
2023-10-20,Laptop,911.8
2023-10-20,Headphones,81.13
2023-10-20,Keyboard,51.93
2023-10-20,Laptop,1036.77
2023-10-20,Keyboard,47.98
2023-10-20,Headphones,81.1
2023-10-20,Mouse,23.65
2023-10-20,Laptop,1014.96
2023-10-20,Headphones,76.79
2023-10-20,Headphones,83.49
2023-10-20,Mouse,23.93
2023-10-21,Headphones,83.98
2023-10-21,Keyboard,51.88
2023-10-21,Mouse,24.77
2023-10-21,Monitor,280.13
2023-10-21,Mouse,23.71
2023-10-21,Monitor,290.91
2023-10-21,Monitor,288.96
2023-10-21,Keyboard,48.47
2023-10-21,Headphones,84.67
2023-10-21,Keyboard,48.35
2023-10-21,Headphones,81.43
2023-10-21,Mouse,23.1
2023-10-21,Monitor,301.72
2023-10-21,Headphones,78.17
2023-10-22,Keyboard,47.85
2023-10-22,Laptop,1023.66
2023-10-22,Keyboard,47.56
2023-10-22,Mouse,24.54
2023-10-23,Laptop,960.05
2023-10-24,Monitor,314.18
2023-10-24,Laptop,1038.88
2023-10-24,Monitor,278.18
2023-10-24,Monitor,321.05
2023-10-24,Mouse,23.34
2023-10-24,Laptop,938.04
2023-10-24,Headphones,73.26
2023-10-24,Mouse,24.04
2023-10-24,Monitor,286.41
2023-10-24,Headphones,83.67
2023-10-24,Laptop,1025.41
2023-10-25,Keyboard,50.66
2023-10-25,Mouse,22.71
2023-10-25,Keyboard,51.92
2023-10-25,Keyboard,54.82
2023-10-25,Keyboard,49.07
2023-10-25,Mouse,24.46
2023-10-25,Headphones,82.13
2023-10-25,Laptop,982.11
2023-10-25,Laptop,925.52
2023-10-25,Keyboard,47.75
2023-10-25,Laptop,1048.32
2023-10-26,Monitor,310.97
2023-10-26,Laptop,904.09
2023-10-26,Laptop,1011.16
2023-10-26,Mouse,25.72
2023-10-26,Headphones,80.91
2023-10-26,Monitor,297.59
2023-10-26,Mouse,26.5
2023-10-26,Headphones,78.6
2023-10-26,Monitor,298.14
2023-10-26,Monitor,326.81
2023-10-26,Monitor,308.83
2023-10-26,Headphones,83.6
2023-10-26,Laptop,1099.64
2023-10-26,Headphones,86.69
2023-10-26,Mouse,26.94
2023-10-27,Monitor,319.49
2023-10-27,Keyboard,48.98
2023-10-27,Laptop,977.03
2023-10-27,Mouse,23.01
2023-10-27,Keyboard,47.11
2023-10-27,Headphones,76.07
2023-10-27,Headphones,87.45
2023-10-27,Keyboard,53.94
2023-10-27,Laptop,916.45
2023-10-27,Monitor,316.14
2023-10-27,Monitor,290.67
2023-10-27,Keyboard,48.76
2023-10-27,Mouse,23.06
2023-10-28,Headphones,72.86
2023-10-28,Headphones,82.89
2023-10-28,Keyboard,47.21
2023-10-28,Laptop,962.19
2023-10-28,Keyboard,54.95
2023-10-28,Keyboard,49.27
2023-10-28,Monitor,288.37
2023-10-28,Mouse,26.29
2023-10-28,Monitor,270.22
2023-10-28,Monitor,314.96
2023-10-29,Mouse,24.82
2023-10-29,Keyboard,49.72
2023-10-29,Monitor,313.74
2023-10-29,Keyboard,48.4
2023-10-29,Laptop,1051.32
2023-10-29,Keyboard,46.41
2023-10-29,Mouse,25.08
2023-10-29,Keyboard,52.56
2023-10-29,Mouse,26.05
2023-10-29,Mouse,26.82
2023-10-29,Headphones,81.32
2023-10-29,Mouse,24.21
2023-10-29,Headphones,78.26
2023-10-29,Headphones,76.16
2023-10-30,Monitor,277.48
2023-10-30,Keyboard,45.16
2023-10-30,Laptop,1074.58
2023-10-30,Monitor,298.35
2023-10-30,Laptop,1098.65
2023-10-30,Laptop,948.05
2023-10-30,Keyboard,53.63
2023-10-31,Laptop,1035.96
2023-11-01,Headphones,87.24
2023-11-01,Monitor,308.65
2023-11-01,Laptop,953.21
2023-11-01,Laptop,955.16
2023-11-01,Mouse,27.3
2023-11-01,Mouse,25.1
2023-11-01,Mouse,25.58
2023-11-01,Laptop,1083.11
2023-11-01,Keyboard,52.67
2023-11-01,Keyboard,52.12
2023-11-01,Keyboard,54.79
2023-11-01,Monitor,309.64
2023-11-01,Laptop,1069.23
2023-11-01,Keyboard,48.77
2023-11-02,Headphones,80.05
2023-11-02,Mouse,24.49
2023-11-02,Headphones,80.47
2023-11-03,Keyboard,46.93
2023-11-03,Keyboard,50.03
2023-11-03,Keyboard,49.73
2023-11-03,Laptop,919.59
2023-11-03,Laptop,1081.69
2023-11-04,Laptop,1040.52
2023-11-04,Keyboard,50.04
2023-11-04,Keyboard,47.38
2023-11-04,Monitor,327.17
2023-11-04,Monitor,322.42
2023-11-04,Mouse,23.28
2023-11-04,Laptop,1030.54
2023-11-04,Monitor,322.49
2023-11-04,Keyboard,50.14
2023-11-04,Laptop,916.67
2023-11-05,Keyboard,53.51
2023-11-05,Laptop,1073.74
2023-11-05,Mouse,24.71
2023-11-06,Headphones,76.94
2023-11-06,Monitor,298.68
2023-11-06,Mouse,26.84
2023-11-06,Laptop,945.02
2023-11-06,Headphones,81.46
2023-11-06,Headphones,78.16
2023-11-06,Headphones,87.68
2023-11-06,Headphones,79.99
2023-11-07,Mouse,24.25
2023-11-07,Headphones,80.8
2023-11-07,Headphones,87.76
2023-11-07,Monitor,325.04
2023-11-07,Headphones,84.91
2023-11-07,Headphones,85.27
2023-11-07,Mouse,24.92
2023-11-07,Monitor,289.39
2023-11-07,Mouse,23.97
2023-11-07,Mouse,23.64
2023-11-07,Headphones,81.4
2023-11-07,Keyboard,46.65
2023-11-08,Keyboard,51.89
2023-11-08,Headphones,76.21
2023-11-08,Keyboard,45.28
2023-11-08,Laptop,1097.34
2023-11-08,Mouse,26.76
2023-11-08,Monitor,273.68
2023-11-08,Mouse,26.21
2023-11-08,Keyboard,49.05
2023-11-08,Laptop,1020.32
2023-11-08,Laptop,939.17
2023-11-08,Mouse,27.28
2023-11-08,Mouse,24.1
2023-11-09,Monitor,278.9
2023-11-09,Headphones,86.06
2023-11-09,Keyboard,50.56
2023-11-09,Laptop,1058.25
2023-11-09,Headphones,84.21
2023-11-09,Monitor,318.9
2023-11-09,Monitor,329.1
2023-11-09,Monitor,304.97
2023-11-09,Headphones,74.4
2023-11-09,Keyboard,45.9
2023-11-10,Laptop,1083.63
2023-11-10,Keyboard,49.4
2023-11-11,Keyboard,53.53
2023-11-11,Monitor,286.32
2023-11-11,Headphones,86.65
2023-11-11,Laptop,1080.27
2023-11-11,Laptop,916.18
2023-11-11,Headphones,72.37
2023-11-12,Laptop,998.21
2023-11-12,Keyboard,46.82
2023-11-12,Laptop,1089.41
2023-11-12,Monitor,295.81
2023-11-12,Laptop,1022.73
2023-11-12,Mouse,23.33
2023-11-12,Keyboard,50.9
2023-11-12,Mouse,27.3
2023-11-12,Laptop,1044.69
2023-11-12,Mouse,25.93
2023-11-12,Keyboard,49.13
2023-11-12,Keyboard,51.94
2023-11-12,Headphones,87.42
2023-11-12,Monitor,316.65
2023-11-12,Monitor,271.05
2023-11-13,Monitor,323.99
2023-11-13,Laptop,991.47
2023-11-13,Laptop,1048.58
2023-11-14,Keyboard,45.5
2023-11-14,Monitor,270.15
2023-11-14,Headphones,82.66
2023-11-14,Headphones,76.5
2023-11-14,Monitor,305.25
2023-11-14,Mouse,26.8
2023-11-15,Mouse,26.78
2023-11-16,Headphones,82.32
2023-11-16,Monitor,270.16
2023-11-16,Monitor,276.31
2023-11-16,Monitor,314.19
2023-11-16,Headphones,77.08
2023-11-16,Monitor,270.71
2023-11-16,Laptop,965.0
2023-11-16,Monitor,296.02
2023-11-16,Monitor,317.11
2023-11-17,Headphones,85.92
2023-11-17,Laptop,1063.22
2023-11-17,Headphones,77.23
2023-11-17,Keyboard,46.62
2023-11-17,Keyboard,52.53
2023-11-17,Mouse,23.54
2023-11-17,Laptop,1054.1
2023-11-17,Laptop,963.16
2023-11-17,Mouse,25.91
2023-11-17,Monitor,315.48
2023-11-17,Laptop,920.9
2023-11-17,Laptop,918.8
2023-11-17,Laptop,1082.82
2023-11-17,Mouse,24.9
2023-11-18,Headphones,77.11
2023-11-18,Keyboard,54.04
2023-11-18,Keyboard,50.3
2023-11-18,Mouse,27.5
2023-11-18,Laptop,1054.87
2023-11-18,Monitor,294.31
2023-11-18,Keyboard,46.91
2023-11-18,Mouse,26.51
2023-11-18,Headphones,80.98
2023-11-18,Laptop,1072.47
2023-11-18,Laptop,1027.74
2023-11-18,Monitor,291.53
2023-11-18,Monitor,319.01
2023-11-18,Monitor,275.47
2023-11-18,Laptop,1016.16
2023-11-19,Headphones,74.64
2023-11-19,Monitor,290.57
2023-11-19,Headphones,79.66
2023-11-19,Monitor,323.02
2023-11-19,Monitor,276.48
2023-11-19,Keyboard,51.77
2023-11-19,Headphones,87.52
2023-11-19,Monitor,293.56
2023-11-19,Mouse,26.97
2023-11-19,Headphones,80.24
2023-11-19,Laptop,959.18
2023-11-20,Laptop,946.29
2023-11-20,Keyboard,49.19
2023-11-20,Laptop,984.8
2023-11-20,Mouse,23.49
2023-11-20,Keyboard,49.81
2023-11-20,Keyboard,51.96
2023-11-20,Laptop,935.92
2023-11-20,Headphones,77.73
2023-11-20,Mouse,27.08
2023-11-20,Mouse,25.66
2023-11-20,Mouse,23.98
2023-11-20,Keyboard,51.72
2023-11-20,Laptop,938.5
2023-11-20,Monitor,320.39
2023-11-20,Laptop,973.97
2023-11-21,Keyboard,46.92
2023-11-21,Monitor,301.01
2023-11-21,Monitor,288.18
2023-11-21,Keyboard,49.6
2023-11-21,Headphones,72.41
2023-11-21,Laptop,900.08
2023-11-21,Keyboard,47.9
2023-11-21,Laptop,977.12
2023-11-21,Monitor,315.11
2023-11-21,Keyboard,52.57
2023-11-21,Keyboard,52.53
2023-11-21,Monitor,274.94
2023-11-22,Keyboard,50.25
2023-11-22,Headphones,84.08
2023-11-22,Monitor,311.1
2023-11-22,Keyboard,49.23
2023-11-22,Keyboard,54.17
2023-11-22,Monitor,282.54
2023-11-22,Monitor,274.21
2023-11-22,Mouse,26.78
2023-11-22,Laptop,948.63
2023-11-22,Monitor,289.13
2023-11-22,Mouse,22.66
2023-11-22,Headphones,76.42
2023-11-22,Keyboard,48.49
2023-11-23,Keyboard,51.29
2023-11-23,Keyboard,52.17
2023-11-23,Monitor,279.37
2023-11-23,Monitor,283.87
2023-11-23,Mouse,26.84
2023-11-23,Mouse,25.25
2023-11-24,Mouse,26.43
2023-11-24,Keyboard,46.51
2023-11-24,Monitor,288.48
2023-11-24,Laptop,1091.53
2023-11-24,Mouse,26.28
2023-11-24,Laptop,946.3
2023-11-24,Monitor,271.88
2023-11-25,Headphones,75.73
2023-11-25,Laptop,1026.64
2023-11-25,Mouse,26.83
2023-11-25,Keyboard,53.24
2023-11-25,Mouse,25.99
2023-11-25,Monitor,270.51
2023-11-25,Mouse,25.68
2023-11-25,Laptop,1016.37
2023-11-25,Monitor,283.05
2023-11-25,Monitor,289.65
2023-11-25,Laptop,949.73
2023-11-26,Keyboard,50.78
2023-11-26,Monitor,284.68
2023-11-27,Mouse,23.01
2023-11-27,Monitor,313.87
2023-11-27,Headphones,76.01
2023-11-27,Keyboard,47.17
2023-11-27,Headphones,82.68
2023-11-27,Mouse,24.05
2023-11-27,Headphones,85.07
2023-11-27,Monitor,303.64
2023-11-27,Mouse,26.07
2023-11-27,Laptop,976.36
2023-11-27,Keyboard,47.7
2023-11-27,Monitor,305.09
2023-11-28,Laptop,904.88
2023-11-28,Monitor,275.23
2023-11-28,Monitor,321.91
2023-11-28,Monitor,284.05
2023-11-28,Keyboard,50.94
2023-11-28,Keyboard,48.47
2023-11-28,Laptop,1063.59
2023-11-28,Headphones,72.55
2023-11-28,Laptop,1080.04
2023-11-28,Laptop,1062.38
2023-11-28,Laptop,1054.42
2023-11-28,Keyboard,50.09
2023-11-29,Laptop,965.5
2023-11-29,Mouse,26.08
2023-11-29,Laptop,1084.12
2023-11-29,Keyboard,50.67
2023-11-29,Headphones,85.27
2023-11-29,Keyboard,52.76
2023-11-30,Laptop,1077.48
2023-11-30,Monitor,319.3
2023-11-30,Laptop,978.51
2023-11-30,Laptop,988.4
2023-11-30,Headphones,87.05
2023-11-30,Headphones,77.38
2023-11-30,Laptop,967.67
2023-12-01,Keyboard,48.16
2023-12-01,Headphones,73.45
2023-12-01,Laptop,915.94
2023-12-01,Mouse,25.94
2023-12-01,Monitor,306.62
2023-12-01,Headphones,85.85
2023-12-01,Monitor,320.23
2023-12-01,Mouse,23.6
2023-12-01,Monitor,293.75
2023-12-01,Mouse,24.63
2023-12-01,Mouse,24.31
2023-12-01,Headphones,76.44
2023-12-01,Monitor,292.36
2023-12-01,Monitor,287.46
2023-12-02,Keyboard,49.12
2023-12-03,Mouse,23.17
2023-12-04,Laptop,1018.51
2023-12-04,Keyboard,50.7
2023-12-04,Monitor,278.82
2023-12-04,Monitor,292.97
2023-12-04,Keyboard,49.06
2023-12-04,Keyboard,46.16
2023-12-04,Keyboard,45.98
2023-12-04,Laptop,907.67
2023-12-04,Laptop,1089.94
2023-12-04,Monitor,303.19
2023-12-04,Headphones,83.67
2023-12-04,Keyboard,52.83
2023-12-04,Laptop,1022.94
2023-12-05,Keyboard,53.08
2023-12-05,Headphones,78.01
2023-12-05,Keyboard,54.72
2023-12-05,Keyboard,46.55
2023-12-05,Laptop,1040.04
2023-12-05,Mouse,23.2
2023-12-05,Headphones,78.5
2023-12-05,Headphones,85.38
2023-12-05,Laptop,1029.46
2023-12-05,Laptop,1097.76
2023-12-05,Keyboard,47.87
2023-12-06,Laptop,992.67
2023-12-07,Laptop,1010.17
2023-12-07,Monitor,311.44
2023-12-07,Headphones,85.05
2023-12-08,Headphones,74.41
2023-12-08,Laptop,962.15
2023-12-08,Laptop,1069.82
2023-12-08,Monitor,321.7
2023-12-08,Monitor,321.78
2023-12-08,Laptop,970.91
2023-12-08,Laptop,1035.18
2023-12-08,Monitor,292.48
2023-12-08,Keyboard,46.34
2023-12-09,Keyboard,51.37
2023-12-09,Monitor,304.5
2023-12-09,Mouse,25.77
2023-12-09,Headphones,75.32
2023-12-09,Monitor,329.38
2023-12-09,Keyboard,46.68
2023-12-09,Monitor,323.76
2023-12-09,Keyboard,52.39
2023-12-10,Mouse,26.28
2023-12-11,Headphones,84.66
2023-12-11,Monitor,328.64
2023-12-11,Headphones,76.44
2023-12-11,Keyboard,53.8
2023-12-11,Keyboard,54.32
2023-12-11,Laptop,1076.99
2023-12-11,Monitor,298.49
2023-12-11,Headphones,77.71
2023-12-12,Mouse,25.3
2023-12-12,Mouse,24.13
2023-12-12,Laptop,957.86
2023-12-12,Mouse,24.35
2023-12-12,Monitor,295.22
2023-12-12,Mouse,25.17
2023-12-12,Laptop,1063.49
2023-12-12,Laptop,961.37
2023-12-12,Keyboard,47.06
2023-12-12,Monitor,321.74
2023-12-12,Mouse,25.12
2023-12-12,Monitor,320.08
2023-12-13,Laptop,970.14
2023-12-13,Keyboard,45.49
2023-12-13,Mouse,25.53
2023-12-13,Keyboard,50.33
2023-12-13,Laptop,952.73
2023-12-13,Keyboard,53.14
2023-12-13,Laptop,1059.9
2023-12-14,Mouse,26.71
2023-12-15,Laptop,990.72
2023-12-15,Keyboard,51.27
2023-12-15,Keyboard,50.43
2023-12-15,Headphones,77.01
2023-12-15,Mouse,27.14
2023-12-15,Mouse,22.63
2023-12-15,Monitor,297.43
2023-12-15,Keyboard,54.81
2023-12-15,Monitor,294.75
2023-12-15,Laptop,953.05
2023-12-15,Laptop,1036.31
2023-12-16,Monitor,297.26
2023-12-16,Mouse,23.38
2023-12-16,Headphones,78.71
2023-12-17,Keyboard,47.66
2023-12-17,Keyboard,46.77
2023-12-17,Mouse,24.41
2023-12-17,Laptop,906.19
2023-12-18,Laptop,916.8
2023-12-18,Monitor,308.91
2023-12-18,Laptop,1039.7
2023-12-18,Mouse,26.56
2023-12-18,Monitor,279.26
2023-12-18,Keyboard,52.17
2023-12-18,Monitor,301.34
2023-12-18,Laptop,1025.79
2023-12-18,Mouse,26.02
2023-12-18,Monitor,305.32
2023-12-18,Headphones,76.74
2023-12-19,Mouse,26.86
2023-12-20,Monitor,289.25
2023-12-20,Mouse,26.46
2023-12-20,Keyboard,54.17
2023-12-20,Keyboard,46.27
2023-12-20,Headphones,79.16
2023-12-20,Laptop,1047.3
2023-12-20,Laptop,1018.64
2023-12-21,Mouse,25.06
2023-12-21,Mouse,24.41
2023-12-21,Mouse,26.44
2023-12-21,Mouse,22.88
2023-12-22,Headphones,75.7
2023-12-22,Keyboard,50.16
2023-12-22,Keyboard,45.98
2023-12-22,Keyboard,52.07
2023-12-22,Keyboard,48.59
2023-12-22,Laptop,1009.31
2023-12-22,Keyboard,50.07
2023-12-22,Monitor,280.73
2023-12-22,Headphones,78.45
2023-12-22,Monitor,306.98
2023-12-22,Headphones,72.01
2023-12-22,Monitor,315.72
2023-12-22,Headphones,82.95
2023-12-22,Headphones,78.51
2023-12-23,Keyboard,49.0
2023-12-23,Keyboard,53.01
2023-12-23,Mouse,24.24
2023-12-23,Mouse,24.17
2023-12-23,Monitor,296.45
2023-12-23,Laptop,1084.99
2023-12-23,Headphones,76.85
2023-12-23,Monitor,297.05
2023-12-23,Keyboard,50.55
2023-12-23,Headphones,78.37
2023-12-23,Keyboard,50.65
2023-12-23,Headphones,87.46
2023-12-23,Laptop,1095.61
2023-12-23,Mouse,22.8
2023-12-24,Headphones,86.33
2023-12-24,Mouse,26.87
2023-12-24,Keyboard,50.93
2023-12-24,Mouse,25.82
2023-12-24,Laptop,1098.11
2023-12-24,Mouse,27.19
2023-12-24,Monitor,275.34
2023-12-24,Mouse,23.69
2023-12-24,Laptop,1003.52
2023-12-24,Headphones,83.52
2023-12-24,Monitor,301.09
2023-12-24,Laptop,1013.97
2023-12-24,Monitor,297.95
2023-12-24,Keyboard,51.2
2023-12-24,Laptop,951.45
2023-12-25,Mouse,27.05
2023-12-25,Keyboard,52.48
2023-12-25,Laptop,1062.84
2023-12-25,Monitor,276.59
2023-12-26,Monitor,313.22
2023-12-26,Keyboard,53.7
2023-12-26,Laptop,1033.69
2023-12-26,Keyboard,45.81
2023-12-26,Laptop,1049.58
2023-12-26,Laptop,918.37
2023-12-27,Mouse,26.43
2023-12-27,Keyboard,54.68
2023-12-27,Headphones,75.38
2023-12-27,Headphones,84.99
2023-12-28,Keyboard,45.53
2023-12-28,Headphones,87.61
2023-12-28,Laptop,974.23
2023-12-28,Headphones,74.3
2023-12-28,Mouse,27.05
2023-12-29,Headphones,76.06
2023-12-30,Keyboard,52.88
2023-12-30,Keyboard,48.29
2023-12-30,Headphones,80.12
2023-12-30,Laptop,1020.24
2023-12-30,Headphones,74.78
2023-12-30,Headphones,73.4
2023-12-30,Keyboard,46.62
2023-12-30,Keyboard,49.38
2023-12-31,Monitor,311.56
2023-12-31,Laptop,1070.52
2023-12-31,Laptop,1015.26
2023-12-31,Laptop,1011.36
2023-12-31,Laptop,915.97
2023-12-31,Monitor,277.12
2023-12-31,Laptop,1058.68
2023-12-31,Headphones,79.4
2023-12-31,Laptop,913.61
2023-12-31,Mouse,24.01
2023-12-31,Headphones,83.78
2023-12-31,Laptop,948.24
2023-12-31,Monitor,319.77
